HC,Data de julgamento,Unanimidade,Informacoes,Vencedores,Vencidos,Tipo,Pleito Analisado,NUNES MARQUES,ANDRÉ MENDONÇA,ALEXANDRE DE MORAES,DIAS TOFFOLI,ROBERTO BARROSO,EDSON FACHIN,GILMAR MENDES,CÁRMEN LÚCIA,LUIZ FUX,RICARDO LEWANDOWSKI,ROSA WEBER,MARCO AURÉLIO,CELSO DE MELLO,TEORI ZAVASCKI,JOAQUIM BARBOSA,AYRES BRITTO,CEZAR PELUSO,ELLEN GRACIE,EROS GRAU,MENEZES DIREITO,SEPÚLVEDA PERTENCE
HC 215089 AgR,2022-06-06,Sim,,11,0,AgR,"O TRIBUNAL, POR UNANIMIDADE, NEGOU PROVIMENTO AO AGRAVO, NOS TERMOS DO VOTO DO RELATOR, MINISTRO LUIZ FUX (PRESIDENTE). PLENÁRIO, SESSÃO VIRTUAL DE 27.5.2022 A 3.6.2022.",1,1,1,1,1,1,1,1,1,1,1,0,0,0,0,0,0,0,0,0,0
HC 209608 ED-AgR-ED,2022-05-23,Sim,,11,0,AgR,"O TRIBUNAL, POR UNANIMIDADE, CONHECEU DOS EMBARGOS DE DECLARAÇÃO, MAS OS REJEITOU, NOS TERMOS DO VOTO DO RELATOR. PLENÁRIO, SESSÃO VIRTUAL DE 13.5.2022 A 20.5.2022.",1,1,1,1,1,1,1,1,1,1,1,0,0,0,0,0,0,0,0,0,0
HC 212882 AgR-ED,2022-05-16,Sim,,11,0,AgR,"O TRIBUNAL, POR UNANIMIDADE, REJEITOU OS EMBARGOS DE DECLARAÇÃO, NOS TERMOS DO VOTO DO RELATOR. PLENÁRIO, SESSÃO VIRTUAL DE 6.5.2022 A 13.5.2022.",1,1,1,1,1,1,1,1,1,1,1,0,0,0,0,0,0,0,0,0,0
HC 214006 AgR,2022-05-09,Sim,,10,0,AgR,"O TRIBUNAL, POR UNANIMIDADE, CONHECEU DO AGRAVO REGIMENTAL E NEGOU-LHE PROVIMENTO, NOS TERMOS DO VOTO DA RELATORA. IMPEDIDO O MINISTRO GILMAR MENDES. PLENÁRIO, SESSÃO VIRTUAL DE 29.4.2022 A 6.5.2022.",1,1,1,1,1,1,0,1,1,1,1,0,0,0,0,0,0,0,0,0,0
HC 208677 AgR-ED,2022-04-22,Sim,,11,0,AgR,"O TRIBUNAL, POR UNANIMIDADE, NEGOU PROVIMENTO AOS EMBARGOS DE DECLARAÇÃO, NOS TERMOS DO VOTO DO RELATOR, MINISTRO LUIZ FUX (PRESIDENTE). PLENÁRIO, SESSÃO VIRTUAL DE 8.4.2022 A 20.4.2022.",1,1,1,1,1,1,1,1,1,1,1,0,0,0,0,0,0,0,0,0,0
HC 208147 AgR,2021-11-29,Sim,,10,0,AgR,"O TRIBUNAL, POR UNANIMIDADE, NEGOU PROVIMENTO AO AGRAVO, NOS TERMOS DO VOTO DO RELATOR, MINISTRO LUIZ FUX (PRESIDENTE). PLENÁRIO, SESSÃO VIRTUAL DE 19.11.2021 A 26.11.2021.",1,0,1,1,1,1,1,1,1,1,1,0,0,0,0,0,0,0,0,0,0
HC 208219 ED,2021-11-23,Sim,,10,0,ED,"O TRIBUNAL, POR UNANIMIDADE, CONVERTEU OS EMBARGOS DE DECLARAÇÃO EM AGRAVO REGIMENTAL E NEGOU-LHE PROVIMENTO, NOS TERMOS DO VOTO DO RELATOR. PLENÁRIO, SESSÃO VIRTUAL DE 12.11.2021 A 22.11.2021.",1,0,1,1,1,1,1,1,1,1,1,0,0,0,0,0,0,0,0,0,0
HC 203629 AgR-EDv,2021-11-16,Sim,,10,0,AgR,"O TRIBUNAL, POR UNANIMIDADE, NÃO CONHECEU DOS EMBARGOS DE DIVERGÊNCIA, NOS TERMOS DO VOTO DO RELATOR. PLENÁRIO, SESSÃO VIRTUAL DE 5.11.2021 A 12.11.2021.",1,0,1,1,1,1,1,1,1,1,1,0,0,0,0,0,0,0,0,0,0
HC 205332 AgR,2021-11-11,Sim,,9,0,AgR,"O TRIBUNAL, POR UNANIMIDADE, NEGOU PROVIMENTO AO AGRAVO REGIMENTAL, NOS TERMOS DO VOTO DO RELATOR. IMPEDIDO O MINISTRO ALEXANDRE DE MORAES. PLENÁRIO, SESSÃO VIRTUAL DE 29.10.2021 A 10.11.2021.",1,0,0,1,1,1,1,1,1,1,1,0,0,0,0,0,0,0,0,0,0
HC 184434 AgR,2021-11-11,Sim,,10,0,AgR,"O TRIBUNAL, POR UNANIMIDADE, NEGOU PROVIMENTO AO AGRAVO, NOS TERMOS DO VOTO DO RELATOR. PLENÁRIO, SESSÃO VIRTUAL DE 29.10.2021 A 10.11.2021.",1,0,1,1,1,1,1,1,1,1,1,0,0,0,0,0,0,0,0,0,0
HC 154248,2021-10-28,Não,,8,1,Principal," O TRIBUNAL, POR MAIORIA, DENEGOU A ORDEM, NOS TERMOS DO VOTO DO RELATOR, VENCIDO O MINISTRO NUNES MARQUES, QUE CONCEDIA A ORDEM PARA RECONHECER A EXTINÇÃO DA PUNIBILIDADE DA PACIENTE PELA OCORRÊNCIA DA PRESCRIÇÃO. NÃO PARTICIPOU, JUSTIFICADAMENTE, DESTE JULGAMENTO O MINISTRO GILMAR MENDES. PRESIDÊNCIA DO MINISTRO LUIZ FUX. PLENÁRIO, 28.10.2021 (SESSÃO REALIZADA POR VIDEOCONFERÊNCIA - RESOLUÇÃO 672/2020/STF).",-1,0,1,1,1,1,0,1,1,1,1,0,0,0,0,0,0,0,0,0,0
HC 203200 AgR,2021-10-25,Sim,,9,0,AgR,"O TRIBUNAL, POR UNANIMIDADE, NEGOU PROVIMENTO AO AGRAVO REGIMENTAL, NOS TERMOS DO VOTO DO RELATOR. IMPEDIDO O MINISTRO ALEXANDRE DE MORAES. PLENÁRIO, SESSÃO VIRTUAL DE 15.10.2021 A 22.10.2021.",1,0,0,1,1,1,1,1,1,1,1,0,0,0,0,0,0,0,0,0,0
HC 204857 AgR,2021-10-25,Sim,,9,0,AgR,"O TRIBUNAL, POR UNANIMIDADE, NEGOU PROVIMENTO AO AGRAVO REGIMENTAL, NOS TERMOS DO VOTO DO RELATOR. IMPEDIDO O MINISTRO ALEXANDRE DE MORAES. PLENÁRIO, SESSÃO VIRTUAL DE 15.10.2021 A 22.10.2021.",1,0,0,1,1,1,1,1,1,1,1,0,0,0,0,0,0,0,0,0,0
HC 204375 AgR,2021-10-04,Sim,,10,0,AgR,"O TRIBUNAL, POR UNANIMIDADE, NEGOU PROVIMENTO AO AGRAVO REGIMENTAL, NOS TERMOS DO VOTO DO RELATOR. O MINISTRO GILMAR MENDES ACOMPANHOU O RELATOR COM RESSALVAS. PLENÁRIO, SESSÃO VIRTUAL DE 24.9.2021 A 1.10.2021.",1,0,1,1,1,1,1,1,1,1,1,0,0,0,0,0,0,0,0,0,0
HC 189984 AgR-ED-EI-AgR,2021-09-08,Sim,,10,0,AgR,"O TRIBUNAL, POR UNANIMIDADE, NEGOU PROVIMENTO AO AGRAVO REGIMENTAL, COM DETERMINAÇÃO DE BAIXA IMEDIATA DOS AUTOS, INDEPENDENTEMENTE DA PUBLICAÇÃO DO ACÓRDÃO, NOS TERMOS DO VOTO DO RELATOR. PLENÁRIO, SESSÃO VIRTUAL DE 27.8.2021 A 3.9.2021.",1,0,1,1,1,1,1,1,1,1,1,0,0,0,0,0,0,0,0,0,0
HC 186006 AgR-ED-segundos-ED,2021-08-23,Sim,,10,0,AgR,"O TRIBUNAL, POR UNANIMIDADE, REJEITOU OS EMBARGOS DE DECLARAÇÃO, COM DETERMINAÇÃO DE IMEDIATA CERTIFICAÇÃO DO TRÂNSITO EM JULGADO, INDEPENDENTEMENTE DA PUBLICAÇÃO DO ACÓRDÃO, NOS TERMOS DO VOTO DO RELATOR. PLENÁRIO, SESSÃO VIRTUAL DE 13.8.2021 A 20.8.2021.",1,0,1,1,1,1,1,1,1,1,1,0,0,0,0,0,0,0,0,0,0
HC 192313 AgR,2021-08-17,Sim,,10,0,AgR,"O TRIBUNAL, POR UNANIMIDADE, NEGOU PROVIMENTO AO AGRAVO REGIMENTAL, NOS TERMOS DO VOTO DO RELATOR. PLENÁRIO, SESSÃO VIRTUAL DE 6.8.2021 A 16.8.2021.",1,0,1,1,1,1,1,1,1,1,1,0,0,0,0,0,0,0,0,0,0
HC 202307 AgR,2021-08-03,Não,,9,1,AgR,"O TRIBUNAL, POR MAIORIA, NEGOU PROVIMENTO AO AGRAVO REGIMENTAL, NOS TERMOS DO VOTO DO RELATOR, VENCIDO O MINISTRO MARCO AURÉLIO. IMPEDIDA A MINISTRA CÁRMEN LÚCIA. PLENÁRIO, SESSÃO VIRTUAL DE 25.6.2021 A 2.8.2021.",1,0,1,1,1,1,1,0,1,1,1,-1,0,0,0,0,0,0,0,0,0
HC 193726 AgR-segundo,2021-06-23,Não,,10,1,AgR," (SEG-AGR) O TRIBUNAL, POR MAIORIA, DEU PROVIMENTO AO SEGUNDO AGRAVO DA DEFESA PARA DECLARAR QUE A DECISÃO AGRAVADA NÃO RESULTOU NA PREJUDICIALIDADE DOS HABEAS CORPUS 164.493, 165.973, 190.943, 192.045, 193.433, 198.041, 178.596, 184.496, 174.988, 180.985, E NEM DAS RECLAMAÇÕES 43.806, 45.948, 43.969 E 45.325, NOS TERMOS DO VOTO DO MINISTRO GILMAR MENDES, REDATOR PARA O ACÓRDÃO, VENCIDOS OS MINISTROS EDSON FACHIN (RELATOR), ROBERTO BARROSO, MARCO AURÉLIO E LUIZ FUX (PRESIDENTE). OS MINISTROS ALEXANDRE DE MORAES, DIAS TOFFOLI E CÁRMEN LÚCIA JULGAVAM PARCIALMENTE PREJUDICADO O RECURSO, E, VENCIDOS, ACOMPANHARAM O VOTO DO MINISTRO GILMAR MENDES PARA DAR PROVIMENTO AO AGRAVO. PLENÁRIO, 23.06.2021 (SESSÃO REALIZADA POR VIDEOCONFERÊNCIA - RESOLUÇÃO 672/2020/STF).",1,0,1,1,1,1,-1,1,1,1,1,1,0,0,0,0,0,0,0,0,0
HC 202216 ED,2021-06-21,Não,,9,1,ED,"O TRIBUNAL, POR MAIORIA, RECEBEU OS EMBARGOS DE DECLARAÇÃO COMO AGRAVO REGIMENTAL E NEGOU-LHE PROVIMENTO, NOS TERMOS DO VOTO DO RELATOR, VENCIDO O MINISTRO MARCO AURÉLIO. O MINISTRO GILMAR MENDES ACOMPANHOU O RELATOR COM RESSALVAS. IMPEDIDO O MINISTRO ROBERTO BARROSO. PLENÁRIO, SESSÃO VIRTUAL DE 11.6.2021 A 18.6.2021.",1,0,1,1,0,1,1,1,1,1,1,-1,0,0,0,0,0,0,0,0,0
HC 197833 AgR-ED,2021-06-08,Sim,,11,0,AgR,"O TRIBUNAL, POR UNANIMIDADE, NEGOU PROVIMENTO AOS EMBARGOS DE DECLARAÇÃO, NOS TERMOS DO VOTO DO RELATOR, MINISTRO LUIZ FUX (PRESIDENTE). PLENÁRIO, SESSÃO VIRTUAL DE 28.5.2021 A 7.6.2021.",1,0,1,1,1,1,1,1,1,1,1,1,0,0,0,0,0,0,0,0,0
HC 201091 AgR,2021-05-31,Sim,,11,0,AgR,"O TRIBUNAL, POR UNANIMIDADE, NEGOU PROVIMENTO AO AGRAVO REGIMENTAL, NOS TERMOS DO VOTO DA RELATORA. PLENÁRIO, SESSÃO VIRTUAL DE 21.5.2021 A 28.5.2021.",1,0,1,1,1,1,1,1,1,1,1,1,0,0,0,0,0,0,0,0,0
HC 201070 AgR,2021-05-24,Sim,,10,0,AgR,"O TRIBUNAL, POR UNANIMIDADE, NEGOU PROVIMENTO AO AGRAVO REGIMENTAL, NOS TERMOS DO VOTO DO RELATOR. IMPEDIDA A MINISTRA ROSA WEBER. PLENÁRIO, SESSÃO VIRTUAL DE 14.5.2021 A 21.5.2021.",1,0,1,1,1,1,1,1,1,1,0,1,0,0,0,0,0,0,0,0,0
HC 197999 AgR-ED-AgR,2021-05-17,Sim,,10,0,AgR,"O TRIBUNAL, POR UNANIMIDADE, NEGOU PROVIMENTO AO AGRAVO, NOS TERMOS DO VOTO DO RELATOR. OS MINISTROS ROSA WEBER E LUIZ FUX (PRESIDENTE) ACOMPANHARAM O RELATOR COM RESSALVAS. IMPEDIDO O MINISTRO ALEXANDRE DE MORAES. PLENÁRIO, SESSÃO VIRTUAL DE 7.5.2021 A 14.5.2021.",1,0,0,1,1,1,1,1,1,1,1,1,0,0,0,0,0,0,0,0,0
HC 198070 AgR-AgR,2021-04-27,Sim,,11,0,AgR,"O TRIBUNAL, POR UNANIMIDADE, NÃO CONHECEU DO AGRAVO, NOS TERMOS DO VOTO DO RELATOR. PLENÁRIO, SESSÃO VIRTUAL DE 16.4.2021 A 26.4.2021.",1,0,1,1,1,1,1,1,1,1,1,1,0,0,0,0,0,0,0,0,0
HC 199040 AgR,2021-04-27,Sim,,11,0,AgR,"O TRIBUNAL, POR UNANIMIDADE, NEGOU PROVIMENTO AO AGRAVO REGIMENTAL, NOS TERMOS DO VOTO DA RELATORA. PLENÁRIO, SESSÃO VIRTUAL DE 16.4.2021 A 26.4.2021.",1,0,1,1,1,1,1,1,1,1,1,1,0,0,0,0,0,0,0,0,0
HC 197655 AgR,2021-04-27,Sim,,10,0,AgR,"O TRIBUNAL, POR UNANIMIDADE, NEGOU PROVIMENTO AO AGRAVO, NOS TERMOS DO VOTO DO RELATOR, MINISTRO LUIZ FUX (PRESIDENTE). IMPEDIDO O MINISTRO GILMAR MENDES. PLENÁRIO, SESSÃO VIRTUAL DE 16.4.2021 A 26.4.2021.",1,0,1,1,1,1,0,1,1,1,1,1,0,0,0,0,0,0,0,0,0
HC 186602 AgR-ED-EDv-AgR,2021-04-19,Sim,,11,0,AgR,"O TRIBUNAL, POR UNANIMIDADE, NEGOU PROVIMENTO AO AGRAVO REGIMENTAL, NOS TERMOS DO VOTO DA RELATORA. PLENÁRIO, SESSÃO VIRTUAL DE 9.4.2021 A 16.4.2021.",1,0,1,1,1,1,1,1,1,1,1,1,0,0,0,0,0,0,0,0,0
HC 197833 AgR,2021-04-19,Não,,10,1,AgR,"O TRIBUNAL, POR MAIORIA, NEGOU PROVIMENTO AO AGRAVO, NOS TERMOS DO VOTO DO RELATOR, MINISTRO LUIZ FUX (PRESIDENTE), VENCIDO O MINISTRO MARCO AURÉLIO. PLENÁRIO, SESSÃO VIRTUAL DE 9.4.2021 A 16.4.2021.",1,0,1,1,1,1,1,1,1,1,1,-1,0,0,0,0,0,0,0,0,0
HC 193726 AgR,2021-04-15,Não,,6,5,AgR," (AGR) NESTA ASSENTADA, O PLENÁRIO APRECIOU A QUESTÃO RELATIVA À COMPETÊNCIA DO JUÍZO E COMPLEMENTOU A DECISÃO DE 15.04.2021, CONCLUINDO QUE “O TRIBUNAL, POR MAIORIA, NEGOU PROVIMENTO AO AGRAVO REGIMENTAL, NOS TERMOS DO VOTO DO RELATOR, VENCIDOS, PARCIALMENTE, OS MINISTROS ALEXANDRE DE MORAES E RICARDO LEWANDOWSKI, QUE ENTENDIAM SER COMPETENTE O JUÍZO DE SÃO PAULO, E, INTEGRALMENTE, OS MINISTROS NUNES MARQUES, MARCO AURÉLIO E LUIZ FUX (PRESIDENTE), QUE DAVAM PROVIMENTO AO RECURSO”. PLENÁRIO, 22.04.2021 (SESSÃO REALIZADA POR VIDEOCONFERÊNCIA - RESOLUÇÃO 672/2020/STF).",-1,0,-1,1,1,1,1,1,-1,-1,1,-1,0,0,0,0,0,0,0,0,0
HC 193726 AgR-AgR,2021-04-14,Não,,9,2,AgR,"(AGR-AGR) O TRIBUNAL, POR MAIORIA, NEGOU PROVIMENTO AO AGRAVO REGIMENTAL INTERPOSTO CONTRA A DECISÃO DE AFETAÇÃO DO RECURSO AO PLENÁRIO, NOS TERMOS DO VOTO DO RELATOR, VENCIDOS OS MINISTROS RICARDO LEWANDOWSKI E MARCO AURÉLIO. FICA CONSIGNADO QUE A PRESIDÊNCIA DO SUPREMO TRIBUNAL FEDERAL INDAGOU AO DR. HUMBERTO JACQUES DE MEDEIROS, VICE-PROCURADOR-GERAL DA REPÚBLICA, SE TERIA INTERESSE EM FAZER USO DA PALAVRA NA CONDIÇÃO DE CUSTOS LEGIS. EM RESPOSTA NEGATIVA E TENDO EM VISTA A IMPOSSIBILIDADE DE REALIZAÇÃO DE SUSTENTAÇÃO ORAL EM AGRAVO REGIMENTAL EM HABEAS CORPUS, CONSOANTE JURISPRUDÊNCIA DESTA CORTE (AGR NO HC 164.593), TAMBÉM NÃO FORA DADA A PALAVRA, PARA FINS DE SUSTENTAÇÃO ORAL, AO DR. CRISTIANO ZANIN MARTINS, ADVOGADO DA PARTE LUIZ INÁCIO LULA DA SILVA, COM A RESSALVA DO MINISTRO RICARDO LEWANDOWSKI, QUE ENTENDEU QUE DEVER-SE-IA DAR A PALAVRA AO ADVOGADO DO PACIENTE. PRESIDÊNCIA DO MINISTRO LUIZ FUX. PLENÁRIO, 14.04.2021 (SESSÃO REALIZADA POR VIDEOCONFERÊNCIA - RESOLUÇÃO 672/2020/STF).",1,0,1,1,1,1,1,1,1,-1,1,-1,0,0,0,0,0,0,0,0,0
HC 193914 AgR,2021-04-13,Não,,9,1,AgR,"O TRIBUNAL, POR MAIORIA, NEGOU PROVIMENTO AO AGRAVO REGIMENTAL, NOS TERMOS DO VOTO DA RELATORA, VENCIDO O MINISTRO MARCO AURÉLIO. O MINISTRO GILMAR MENDES ACOMPANHOU A RELATORA COM RESSALVAS. IMPEDIDO O MINISTRO ALEXANDRE DE MORAES. PLENÁRIO, SESSÃO VIRTUAL DE 2.4.2021 A 12.4.2021.",1,0,0,1,1,1,1,1,1,1,1,-1,0,0,0,0,0,0,0,0,0
HC 194730 AgR,2021-04-08,Não,,10,1,AgR,"O TRIBUNAL, POR MAIORIA, NEGOU PROVIMENTO AO AGRAVO REGIMENTAL, NOS TERMOS DO VOTO DO RELATOR, VENCIDO O MINISTRO MARCO AURÉLIO. PLENÁRIO, SESSÃO VIRTUAL DE 26.3.2021 A 7.4.2021.",1,0,1,1,1,1,1,1,1,1,1,-1,0,0,0,0,0,0,0,0,0
HC 186006 ED-2ºJULG,2021-03-29,Não,,10,1,ED,"O TRIBUNAL, POR MAIORIA, CONVERTEU OS EMBARGOS DE DECLARAÇÃO EM AGRAVO REGIMENTAL E NEGOU PROVIMENTO AO RECURSO, NOS TERMOS DO VOTO DO RELATOR, VENCIDO O MINISTRO MARCO AURÉLIO. O MINISTRO GILMAR MENDES ACOMPANHOU O RELATOR COM RESSALVAS. PLENÁRIO, SESSÃO VIRTUAL DE 19.3.2021 A 26.3.2021.",1,0,1,1,1,1,1,1,1,1,1,-1,0,0,0,0,0,0,0,0,0
HC 197044 AgR,2021-03-15,Sim,,10,0,AgR,"O TRIBUNAL, POR UNANIMIDADE, NEGOU PROVIMENTO AO AGRAVO, NOS TERMOS DO VOTO DO RELATOR. IMPEDIDO O MINISTRO RICARDO LEWANDOWSKI. PLENÁRIO, SESSÃO VIRTUAL DE 5.3.2021 A 12.3.2021.",1,0,1,1,1,1,1,1,1,0,1,1,0,0,0,0,0,0,0,0,0
HC 140141,2021-03-08,Não,Conferir voto do Relator: MARCO AURÉLIOConferir voto do Relator: MARCO AURÉLIOConferir voto do Relator: MARCO AURÉLIO,6,4,Principal,"O TRIBUNAL, POR MAIORIA, NÃO CONHECEU DO HABEAS CORPUS, NOS TERMOS DO VOTO DO MINISTRO ALEXANDRE DE MORAES, REDATOR PARA O ACÓRDÃO, VENCIDOS OS MINISTROS MARCO AURÉLIO (RELATOR), GILMAR MENDES, NUNES MARQUES E DIAS TOFFOLI, QUE INDEFERIAM A ORDEM. NÃO PARTICIPOU DESTE JULGAMENTO O MINISTRO EDSON FACHIN. PLENÁRIO, SESSÃO VIRTUAL DE 26.2.2021 A 5.3.2021.",-1,0,1,-1,1,0,-1,1,1,1,1,-1,0,0,0,0,0,0,0,0,0
HC 187147,2020-12-21,Não,Conferir voto do Relator: MARCO AURÉLIO,9,2,Principal,"O TRIBUNAL, POR MAIORIA, NÃO CONHECEU DA IMPETRAÇÃO, NOS TERMOS DO VOTO DO MINISTRO EDSON FACHIN, REDATOR PARA O ACÓRDÃO, VENCIDOS OS MINISTROS MARCO AURÉLIO (RELATOR) E GILMAR MENDES. PLENÁRIO, SESSÃO VIRTUAL DE 11.12.2020 A 18.12.2020.",1,0,1,1,1,1,-1,1,1,1,1,-1,0,0,0,0,0,0,0,0,0
HC 178171 ED-AgR-ED-ED,2020-12-15,Sim,,11,0,AgR,"O TRIBUNAL, POR UNANIMIDADE, NEGOU PROVIMENTO AOS EMBARGOS DE DECLARAÇÃO E DETERMINOU A CERTIFICAÇÃO DO TRÂNSITO EM JULGADO, COM A CONSEQUENTE BAIXA IMEDIATA DOS AUTOS, INDEPENDENTEMENTE DA PUBLICAÇÃO DO ACÓRDÃO, NOS TERMOS DO VOTO DO RELATOR, MINISTRO LUIZ FUX (PRESIDENTE). PLENÁRIO, SESSÃO VIRTUAL DE 4.12.2020 A 14.12.2020.",1,0,1,1,1,1,1,1,1,1,1,1,0,0,0,0,0,0,0,0,0
HC 184817 AgR,2020-12-07,Sim,,10,0,AgR,"O TRIBUNAL, POR UNANIMIDADE, CONHECEU DO AGRAVO REGIMENTAL E NEGOU-LHE PROVIMENTO, NOS TERMOS DO VOTO DA RELATORA. IMPEDIDO O MINISTRO GILMAR MENDES. PLENÁRIO, SESSÃO VIRTUAL DE 27.11.2020 A 4.12.2020.",1,0,1,1,1,1,0,1,1,1,1,1,0,0,0,0,0,0,0,0,0
HC 186492 ED,2020-11-23,Sim,,10,0,ED,"O TRIBUNAL, POR UNANIMIDADE, REJEITOU OS EMBARGOS DE DECLARAÇÃO, NOS TERMOS DO VOTO DO RELATOR. IMPEDIDO O MINISTRO ALEXANDRE DE MORAES. PLENÁRIO, SESSÃO VIRTUAL DE 13.11.2020 A 20.11.2020.",1,0,0,1,1,1,1,1,1,1,1,1,0,0,0,0,0,0,0,0,0
HC 190622 AgR,2020-11-11,Sim,,11,0,AgR,"O TRIBUNAL, POR UNANIMIDADE, NEGOU PROVIMENTO AO AGRAVO, NOS TERMOS DO VOTO DO RELATOR, MINISTRO LUIZ FUX (PRESIDENTE). PLENÁRIO, SESSÃO VIRTUAL DE 30.10.2020 A 10.11.2020.",1,0,1,1,1,1,1,1,1,1,1,1,0,0,0,0,0,0,0,0,0
HC 187041 AgR,2020-11-04,Sim,,9,0,AgR,"O TRIBUNAL, POR UNANIMIDADE, NEGOU PROVIMENTO AO AGRAVO REGIMENTAL, NOS TERMOS DO VOTO DA RELATORA. IMPEDIDO O MINISTRO RICARDO LEWANDOWSKI. PLENÁRIO, SESSÃO VIRTUAL DE 23.10.2020 A 3.11.2020.",0,0,1,1,1,1,1,1,1,0,1,1,0,0,0,0,0,0,0,0,0
HC 144426 AgR,2020-10-13,Sim,,10,0,AgR,"O TRIBUNAL, POR UNANIMIDADE, NEGOU PROVIMENTO AO AGRAVO, NOS TERMOS DO VOTO DO RELATOR. OS MINISTROS MARCO AURÉLIO E GILMAR MENDES ACOMPANHARAM O RELATOR COM RESSALVAS. NÃO PARTICIPOU DESTE JULGAMENTO O MINISTRO RICARDO LEWANDOWSKI. PLENÁRIO, SESSÃO VIRTUAL DE 2.10.2020 A 9.10.2020.",0,0,1,1,1,1,1,1,1,0,1,1,1,0,0,0,0,0,0,0,0
HC 186723,2020-10-05,Sim,,11,0,Principal,"O TRIBUNAL, POR UNANIMIDADE, JULGOU PREJUDICADA A IMPETRAÇÃO, NOS TERMOS DO VOTO DO RELATOR. PLENÁRIO, SESSÃO VIRTUAL DE 25.9.2020 A 2.10.2020.",0,0,1,1,1,1,1,1,1,1,1,1,1,0,0,0,0,0,0,0,0
HC 156652,2020-10-05,Sim,,10,0,Principal,"O TRIBUNAL, POR UNANIMIDADE, JULGOU PREJUDICADA A IMPETRAÇÃO, NOS TERMOS DO VOTO DO RELATOR. IMPEDIDO O MINISTRO ALEXANDRE DE MORAES. PLENÁRIO, SESSÃO VIRTUAL DE 25.9.2020 A 2.10.2020.",0,0,0,1,1,1,1,1,1,1,1,1,1,0,0,0,0,0,0,0,0
HC 189057 AgR,2020-09-16,Sim,,10,0,AgR,"O TRIBUNAL, POR UNANIMIDADE, NEGOU PROVIMENTO AO AGRAVO REGIMENTAL, NOS TERMOS DO VOTO DO RELATOR, MINISTRO DIAS TOFFOLI (PRESIDENTE). NÃO PARTICIPOU DESTE JULGAMENTO, POR MOTIVO DE LICENÇA MÉDICA, O MINISTRO CELSO DE MELLO. PLENÁRIO, SESSÃO VIRTUAL DE 4.9.2020 A 14.9.2020 (SESSÃO INICIADA NA PRESIDÊNCIA DO MINISTRO DIAS TOFFOLI E FINALIZADA NA PRESIDÊNCIA DO MINISTRO LUIZ FUX).",0,0,1,1,1,1,1,1,1,1,1,1,0,0,0,0,0,0,0,0,0
HC 186251 AgR,2020-08-24,Não,,9,1,AgR,"O TRIBUNAL, POR MAIORIA, CONHECEU DO AGRAVO REGIMENTAL E NEGOU-LHE PROVIMENTO, NOS TERMOS DO VOTO DA RELATORA, VENCIDO O MINISTRO MARCO AURÉLIO. O MINISTRO GILMAR MENDES ACOMPANHOU A RELATORA COM RESSALVAS. NÃO PARTICIPOU DESTE JULGAMENTO, POR MOTIVO DE LICENÇA MÉDICA, O MINISTRO CELSO DE MELLO. PLENÁRIO, SESSÃO VIRTUAL DE 14.8.2020 A 21.8.2020.",0,0,1,1,1,1,1,1,1,1,1,-1,0,0,0,0,0,0,0,0,0
HC 104159,2020-08-18,Não,Conferir voto do Relator: MARCO AURÉLIO,7,2,Principal," O TRIBUNAL, POR MAIORIA, NÃO CONHECEU DO HABEAS CORPUS, NOS TERMOS DO VOTO DO MINISTRO EDSON FACHIN, REDATOR PARA O ACÓRDÃO, VENCIDOS OS MINISTROS MARCO AURÉLIO (RELATOR) E GILMAR MENDES. NÃO PARTICIPOU DESTE JULGAMENTO O MINISTRO CELSO DE MELLO. IMPEDIDO O MINISTRO RICARDO LEWANDOWSKI. PLENÁRIO, SESSÃO VIRTUAL DE 7.8.2020 A 17.8.2020.",0,0,1,1,1,1,-1,1,1,0,1,-1,0,0,0,0,0,0,0,0,0
HC 117055,2020-08-18,Não,,7,3,Principal,"O TRIBUNAL, POR MAIORIA, REJEITOU A PRELIMINAR SUSCITADA PELA PROCURADORIA-GERAL DA REPÚBLICA E INDEFERIU A ORDEM, ANTE AUSÊNCIA DE ILEGALIDADE, NOS TERMOS DO VOTO DO RELATOR, VENCIDOS OS MINISTROS EDSON FACHIN, ROSA WEBER E ROBERTO BARROSO, QUE NÃO CONHECIAM DO HABEAS CORPUS. NÃO PARTICIPOU DESTE JULGAMENTO O MINISTRO CELSO DE MELLO. PLENÁRIO, SESSÃO VIRTUAL DE 7.8.2020 A 17.8.2020.",0,0,1,1,-1,-1,1,1,1,1,-1,1,0,0,0,0,0,0,0,0,0
HC 178171 ED-AgR-ED,2020-06-29,Sim,,11,0,AgR,"O TRIBUNAL, POR UNANIMIDADE, REJEITOU OS EMBARGOS DE DECLARAÇÃO, NOS TERMOS DO VOTO DO RELATOR, MINISTRO DIAS TOFFOLI (PRESIDENTE). PLENÁRIO, SESSÃO VIRTUAL DE 19.6.2020 A 26.6.2020.",0,0,1,1,1,1,1,1,1,1,1,1,1,0,0,0,0,0,0,0,0
HC 170401 AgR,2020-06-22,Sim,,10,0,AgR,"O TRIBUNAL, POR UNANIMIDADE, NEGOU PROVIMENTO AO AGRAVO REGIMENTAL, NOS TERMOS DO VOTO DO RELATOR. IMPEDIDO O MINISTRO ALEXANDRE DE MORAES. PLENÁRIO, SESSÃO VIRTUAL DE 12.6.2020 A 19.6.2020.",0,0,0,1,1,1,1,1,1,1,1,1,1,0,0,0,0,0,0,0,0
HC 186297,2020-06-22,Sim,,10,0,Principal,"O TRIBUNAL, POR UNANIMIDADE, NÃO CONHECEU DO HABEAS CORPUS, NOS TERMOS DO VOTO DO RELATOR. FALOU, PELO PACIENTE, O DR. LUIZ EDUARDO PENTEADO BORGO. IMPEDIDO O MINISTRO ALEXANDRE DE MORAES. PLENÁRIO, SESSÃO VIRTUAL DE 12.6.2020 A 19.6.2020.",0,0,0,1,1,1,1,1,1,1,1,1,1,0,0,0,0,0,0,0,0
HC 186296,2020-06-22,Não,,9,1,Principal,"O TRIBUNAL, POR MAIORIA, NÃO CONHECEU DO HABEAS CORPUS, NOS TERMOS DO VOTO DO RELATOR, VENCIDO O MINISTRO MARCO AURÉLIO. IMPEDIDO O MINISTRO ALEXANDRE DE MORAES. PLENÁRIO, SESSÃO VIRTUAL DE 12.6.2020 A 19.6.2020.",0,0,0,1,1,1,1,1,1,1,1,-1,1,0,0,0,0,0,0,0,0
HC 170263,2020-06-22,Não,,9,1,Principal,"O TRIBUNAL, POR MAIORIA, NÃO CONHECEU DO HABEAS CORPUS, NOS TERMOS DO VOTO DO RELATOR, VENCIDO O MINISTRO MARCO AURÉLIO. IMPEDIDO O MINISTRO ALEXANDRE DE MORAES. PLENÁRIO, SESSÃO VIRTUAL DE 12.6.2020 A 19.6.2020.",0,0,0,1,1,1,1,1,1,1,1,-1,1,0,0,0,0,0,0,0,0
HC 181680 AgR,2020-05-15,Não,,10,1,AgR,"O TRIBUNAL, POR MAIORIA, CONHECEU DO AGRAVO REGIMENTAL E NEGOU-LHE PROVIMENTO, NOS TERMOS DO VOTO DA RELATORA, VENCIDO PARCIALMENTE O MINISTRO RICARDO LEWANDOWSKI, QUE ADMITIA A IMPETRAÇÃO. O MINISTRO GILMAR MENDES ACOMPANHOU A RELATORA COM RESSALVAS. PLENÁRIO, SESSÃO VIRTUAL DE 8.5.2020 A 14.5.2020.",0,0,1,1,1,1,1,1,1,-1,1,1,1,0,0,0,0,0,0,0,0
HC 181667 AgR,2020-05-11,Não,,6,4,AgR,"O TRIBUNAL, POR MAIORIA, CONHECEU DO AGRAVO REGIMENTAL E NEGOU-LHE PROVIMENTO, NOS TERMOS DO VOTO DA RELATORA, VENCIDOS OS MINISTROS MARCO AURÉLIO E CELSO DE MELLO, QUE PROVIAM O AGRAVO PARA QUE O PROCESSO TENHA REGULAR SEQUÊNCIA; O MINISTRO DIAS TOFFOLI (PRESIDENTE), QUE PROVIA O AGRAVO E DENEGAVA A ORDEM; E O MINISTRO RICARDO LEWANDOWSKI QUE, DIVERGIA EM PARTE, PARA ADMITIR A IMPETRAÇÃO. IMPEDIDO O MINISTRO GILMAR MENDES. PLENÁRIO, SESSÃO VIRTUAL DE 1.5.2020 A 8.5.2020.",0,0,1,-1,1,1,0,1,1,-1,1,-1,-1,0,0,0,0,0,0,0,0
HC 164593 AgR,2020-05-04,Não,,7,4,AgR," O TRIBUNAL, POR MAIORIA, NEGOU PROVIMENTO AO AGRAVO REGIMENTAL, NOS TERMOS DO VOTO DO RELATOR, VENCIDOS OS MINISTROS GILMAR MENDES E DIAS TOFFOLI, QUE DIVERGIAM TÃO SOMENTE QUANTO À PRELIMINAR, ASSENTANDO O CABIMENTO DE SUSTENTAÇÃO ORAL NOS AGRAVOS REGIMENTAIS EM HABEAS CORPUS NO SUPREMO TRIBUNAL FEDERAL; O MINISTRO MARCO AURÉLIO, QUE PROVIA O RECURSO; E O MINISTRO RICARDO LEWANDOWSKI, QUE DIVERGIA PARCIALMENTE PARA ADMITIR A IMPETRAÇÃO. O MINISTRO CELSO DE MELLO ACOMPANHOU O RELATOR COM RESSALVAS. FALARAM: PELO AGRAVANTE, O DR. ANTÔNIO CLÁUDIO MARIZ DE OLIVEIRA; PELO AMICUS CURIAE ASSOCIAÇÃO DOS ADVOGADOS DE SÃO PAULO - AASP, A DRA. PAULA LIMA HYPPOLITO DOS SANTOS OLIVEIRA; E, PELO AMICUS CURIAE INSTITUTO DE DEFESA DO DIREITO DE DEFESA - IDDD, O DR. MARCELO LEONARDO. PLENÁRIO, SESSÃO VIRTUAL DE 24.4.2020 A 30.4.2020.",0,0,1,-1,1,1,-1,1,1,-1,1,-1,1,0,0,0,0,0,0,0,0
HC 128893,2020-05-04,Sim,,11,0,Principal,"O TRIBUNAL, POR UNANIMIDADE, REJEITOU AS PRELIMINARES SUSCITADAS PELA PROCURADORIA-GERAL DA REPÚBLICA E INADMITIU A ORDEM, ANTE A AUSÊNCIA DE RISCO À LIBERDADE DE LOCOMOÇÃO, NOS TERMOS DO VOTO DO RELATOR. O MINISTRO EDSON FACHIN ACOMPANHOU O RELATOR COM RESSALVAS. PLENÁRIO, SESSÃO VIRTUAL DE 24.4.2020 A 30.4.2020.",0,0,1,1,1,1,1,1,1,1,1,1,1,0,0,0,0,0,0,0,0
HC 117281,2020-05-04,Não,,6,5,Principal,"O TRIBUNAL, POR MAIORIA, INDEFERIU A ORDEM, DECLARANDO O PREJUÍZO DO AGRAVO INTERNO PROTOCOLADO, NOS TERMOS DO VOTO DO RELATOR, VENCIDOS OS MINISTROS EDSON FACHIN, CÁRMEN LÚCIA, ROSA WEBER, CELSO DE MELLO E DIAS TOFFOLI (PRESIDENTE). OS MINISTROS ALEXANDRE DE MORAES, GILMAR MENDES, LUIZ FUX E ROBERTO BARROSO ACOMPANHARAM O RELATOR COM RESSALVAS. PLENÁRIO, SESSÃO VIRTUAL DE 24.4.2020 A 30.4.2020.",0,0,1,-1,1,-1,1,-1,1,1,-1,1,-1,0,0,0,0,0,0,0,0
HC 130620,2020-05-04,Não,,8,2,Principal,"O TRIBUNAL, POR MAIORIA, INDEFERIU A ORDEM, NOS TERMOS DO VOTO DO RELATOR, VENCIDOS OS MINISTROS EDSON FACHIN E ROSA WEBER. OS MINISTROS ALEXANDRE DE MORAES, GILMAR MENDES, LUIZ FUX, DIAS TOFFOLI (PRESIDENTE) E ROBERTO BARROSO ACOMPANHARAM O RELATOR COM RESSALVAS. IMPEDIDA A MINISTRA CÁRMEN LÚCIA. PLENÁRIO, SESSÃO VIRTUAL DE 24.4.2020 A 30.4.2020.",0,0,1,1,1,-1,1,0,1,1,-1,1,1,0,0,0,0,0,0,0,0
HC 183018 AgR,2020-04-27,Sim,,11,0,AgR,"O TRIBUNAL, POR UNANIMIDADE, NEGOU PROVIMENTO AO AGRAVO REGIMENTAL, NOS TERMOS DO VOTO DO RELATOR, MINISTRO DIAS TOFFOLI (PRESIDENTE). PLENÁRIO, SESSÃO VIRTUAL DE 17.4.2020 A 24.4.2020.",0,0,1,1,1,1,1,1,1,1,1,1,1,0,0,0,0,0,0,0,0
HC 173259 EI-AgR,2020-04-27,Sim,,11,0,AgR,"O TRIBUNAL, POR UNANIMIDADE, NEGOU PROVIMENTO AO AGRAVO REGIMENTAL, NOS TERMOS DO VOTO DO RELATOR. PLENÁRIO, SESSÃO VIRTUAL DE 17.4.2020 A 24.4.2020.",0,0,1,1,1,1,1,1,1,1,1,1,1,0,0,0,0,0,0,0,0
HC 176473,2020-04-27,Não,,8,3,Principal," O TRIBUNAL, POR MAIORIA, INDEFERIU A ORDEM DE HABEAS CORPUS E FIXOU A SEGUINTE TESE: ""NOS TERMOS DO INCISO IV DO ARTIGO 117 DO CÓDIGO PENAL, O ACÓRDÃO CONDENATÓRIO SEMPRE INTERROMPE A PRESCRIÇÃO, INCLUSIVE QUANDO CONFIRMATÓRIO DA SENTENÇA DE 1º GRAU, SEJA MANTENDO, REDUZINDO OU AUMENTANDO A PENA ANTERIORMENTE IMPOSTA"", NOS TERMOS DO VOTO DO RELATOR, VENCIDOS OS MINISTROS RICARDO LEWANDOWSKI, GILMAR MENDES E CELSO DE MELLO. PLENÁRIO, SESSÃO VIRTUAL DE 17.4.2020 A 24.4.2020.",0,0,1,1,1,1,-1,1,1,-1,1,1,-1,0,0,0,0,0,0,0,0
HC 173866 AgR-ED,2020-04-27,Sim,,11,0,AgR,"O TRIBUNAL, POR UNANIMIDADE, REJEITOU OS EMBARGOS DE DECLARAÇÃO, NOS TERMOS DO VOTO DO RELATOR, MINISTRO DIAS TOFFOLI (PRESIDENTE). PLENÁRIO, SESSÃO VIRTUAL DE 17.4.2020 A 24.4.2020.",0,0,1,1,1,1,1,1,1,1,1,1,1,0,0,0,0,0,0,0,0
HC 180159 AgR,2020-04-20,Sim,,10,0,AgR,"O TRIBUNAL, POR UNANIMIDADE, NEGOU PROVIMENTO AO AGRAVO REGIMENTAL, NOS TERMOS DO VOTO DO RELATOR, MINISTRO DIAS TOFFOLI (PRESIDENTE). NÃO PARTICIPOU DESTE JULGAMENTO, POR MOTIVO DE LICENÇA MÉDICA NO INÍCIO DA SESSÃO, O MINISTRO CELSO DE MELLO (ART. 2º, § 5º, DA RES. 642/2019). PLENÁRIO, SESSÃO VIRTUAL DE 10.4.2020 A 17.4.2020.",0,0,1,1,1,1,1,1,1,1,1,1,0,0,0,0,0,0,0,0,0
HC 181626 AgR,2020-04-15,Sim,,10,0,AgR,"O TRIBUNAL, POR UNANIMIDADE, NEGOU PROVIMENTO AO AGRAVO REGIMENTAL, NOS TERMOS DO VOTO DO RELATOR. NÃO PARTICIPOU DESTE JULGAMENTO, POR MOTIVO DE LICENÇA MÉDICA NO INÍCIO DA SESSÃO, O MINISTRO CELSO DE MELLO (ART. 2º, § 5º, DA RES. 642/2019). PLENÁRIO, SESSÃO VIRTUAL DE 3.4.2020 A 14.4.2020.",0,0,1,1,1,1,1,1,1,1,1,1,0,0,0,0,0,0,0,0,0
HC 180720 AgR,2020-04-03,Sim,,10,0,AgR,"O TRIBUNAL, POR UNANIMIDADE, NEGOU PROVIMENTO AO AGRAVO REGIMENTAL, NOS TERMOS DO VOTO DO RELATOR. NÃO PARTICIPOU DESTE JULGAMENTO, POR MOTIVO DE LICENÇA MÉDICA, O MINISTRO CELSO DE MELLO. PLENÁRIO, SESSÃO VIRTUAL DE 27.3.2020 A 2.4.2020.",0,0,1,1,1,1,1,1,1,1,1,1,0,0,0,0,0,0,0,0,0
HC 173866 AgR,2020-02-21,Não,,9,1,AgR,"O TRIBUNAL, POR MAIORIA, NEGOU PROVIMENTO AO AGRAVO REGIMENTAL, NOS TERMOS DO VOTO DO RELATOR, MINISTRO DIAS TOFFOLI (PRESIDENTE), VENCIDO O MINISTRO MARCO AURÉLIO. NÃO PARTICIPOU DESTE JULGAMENTO, POR MOTIVO DE LICENÇA MÉDICA, O MINISTRO CELSO DE MELLO. PLENÁRIO, SESSÃO VIRTUAL DE 14.2.2020 A 20.2.2020.",0,0,1,1,1,1,1,1,1,1,1,-1,0,0,0,0,0,0,0,0,0
HC 173543 AgR-ED,2019-12-20,Sim,,11,0,AgR,"O TRIBUNAL, POR UNANIMIDADE, REJEITOU OS EMBARGOS DE DECLARAÇÃO, NOS TERMOS DO VOTO DO RELATOR, MINISTRO DIAS TOFFOLI (PRESIDENTE). PLENÁRIO, SESSÃO VIRTUAL DE 13.12.2019 A 19.12.2019.",0,0,1,1,1,1,1,1,1,1,1,1,1,0,0,0,0,0,0,0,0
HC 162285 AgR,2019-12-19,Não,,6,2,AgR," O TRIBUNAL, POR MAIORIA, NEGOU PROVIMENTO AO AGRAVO REGIMENTAL, NOS TERMOS DO VOTO DO RELATOR, VENCIDOS OS MINISTROS MARCO AURÉLIO E RICARDO LEWANDOWSKI. NÃO PARTICIPOU DESTA VOTAÇÃO O MINISTRO EDSON FACHIN. AUSENTES, JUSTIFICADAMENTE, OS MINISTROS CELSO DE MELLO E CÁRMEN LÚCIA. PRESIDÊNCIA DO MINISTRO DIAS TOFFOLI. PLENÁRIO, 19.12.2019.",0,0,1,1,1,0,1,0,1,-1,1,-1,0,0,0,0,0,0,0,0,0
HC 172996 AgR,2019-11-29,Não,,9,1,AgR,"O TRIBUNAL, POR MAIORIA, CONHECEU DO AGRAVO REGIMENTAL E NEGOU-LHE PROVIMENTO, NOS TERMOS DO VOTO DA RELATORA, VENCIDO O MINISTRO MARCO AURÉLIO. IMPEDIDA A MINISTRA CÁRMEN LÚCIA. PLENÁRIO, SESSÃO VIRTUAL DE 22.11.2019 A 28.11.2019.",0,0,1,1,1,1,1,0,1,1,1,-1,1,0,0,0,0,0,0,0,0
HC 129129,2019-10-18,Não,,10,1,Principal," O TRIBUNAL, POR MAIORIA, CONHECEU DO HABEAS CORPUS E, NO MÉRITO, CONCEDEU PARCIALMENTE A ORDEM, PARA CONFIRMAR A MEDIDA LIMINAR ANTERIORMENTE DEFERIDA, NOS TERMOS DO VOTO DA RELATORA, VENCIDO O MINISTRO CELSO DE MELLO, QUE INDEFERIA O PEDIDO DE HABEAS CORPUS. PLENÁRIO, SESSÃO VIRTUAL DE 11.10.2019 A 17.10.2019.",0,0,1,1,1,1,1,1,1,1,1,1,-1,0,0,0,0,0,0,0,0
HC 167105 AgR,2019-09-13,Não,,10,1,AgR,"O TRIBUNAL, POR MAIORIA, CONHECEU DO AGRAVO REGIMENTAL E NEGOU-LHE PROVIMENTO, NOS TERMOS DO VOTO DA RELATORA, VENCIDO O MINISTRO MARCO AURÉLIO. PLENÁRIO, SESSÃO VIRTUAL DE 6.9.2019 A 12.9.2019.",0,0,1,1,1,1,1,1,1,1,1,-1,1,0,0,0,0,0,0,0,0
HC 171728 AgR,2019-06-28,Não,,10,1,AgR,"O TRIBUNAL, POR MAIORIA, NEGOU PROVIMENTO AO AGRAVO REGIMENTAL, NOS TERMOS DO VOTO DO RELATOR, VENCIDO O MINISTRO MARCO AURÉLIO. PLENÁRIO, SESSÃO VIRTUAL DE 21.6.2019 A 27.6.2019.",0,0,1,1,1,1,1,1,1,1,1,-1,1,0,0,0,0,0,0,0,0
HC 167682 AgR,2019-06-24,Não,,9,1,AgR,"O TRIBUNAL, POR MAIORIA, NEGOU PROVIMENTO AO AGRAVO REGIMENTAL, NOS TERMOS DO VOTO DO RELATOR, VENCIDO O MINISTRO MARCO AURÉLIO. IMPEDIDO O MINISTRO EDSON FACHIN. PLENÁRIO, SESSÃO VIRTUAL DE 14.6.2019 A 21.6.2019.",0,0,1,1,1,0,1,1,1,1,1,-1,1,0,0,0,0,0,0,0,0
HC 170464 AgR,2019-06-14,Não,,10,1,AgR,"O TRIBUNAL, POR MAIORIA, NEGOU PROVIMENTO AO AGRAVO REGIMENTAL, NOS TERMOS DO VOTO DO RELATOR, MINISTRO DIAS TOFFOLI (PRESIDENTE), VENCIDO O MINISTRO MARCO AURÉLIO. PLENÁRIO, SESSÃO VIRTUAL DE 7.6.2019 A 13.6.2019.",0,0,1,1,1,1,1,1,1,1,1,-1,1,0,0,0,0,0,0,0,0
HC 148879 AgR-EDv-AgR,2019-06-07,Não,,10,1,AgR,"O TRIBUNAL, POR MAIORIA, CONHECEU DO AGRAVO REGIMENTAL E NEGOU-LHE PROVIMENTO, NOS TERMOS DO VOTO DA RELATORA, VENCIDO O MINISTRO MARCO AURÉLIO. PLENÁRIO, SESSÃO VIRTUAL DE 31.5.2019 A 6.6.2019.",0,0,1,1,1,1,1,1,1,1,1,-1,1,0,0,0,0,0,0,0,0
HC 169066 AgR,2019-05-10,Não,,10,1,AgR,"O TRIBUNAL, POR MAIORIA, NEGOU PROVIMENTO AO AGRAVO REGIMENTAL, NOS TERMOS DO VOTO DO RELATOR, MINISTRO DIAS TOFFOLI (PRESIDENTE), VENCIDO O MINISTRO MARCO AURÉLIO. PLENÁRIO, SESSÃO VIRTUAL DE 3.5.2019 A 9.5.2019.",0,0,1,1,1,1,1,1,1,1,1,-1,1,0,0,0,0,0,0,0,0
HC 167855 AgR,2019-04-29,Não,,10,1,AgR,"O TRIBUNAL, POR MAIORIA, NEGOU PROVIMENTO AO AGRAVO, NOS TERMOS DO VOTO DO RELATOR, VENCIDO O MINISTRO MARCO AURÉLIO. PLENÁRIO, SESSÃO VIRTUAL DE 19.4.2019 A 26.4.2019.",0,0,1,1,1,1,1,1,1,1,1,-1,1,0,0,0,0,0,0,0,0
HC 155271 AgR,2019-04-12,Não,,10,1,AgR,"O TRIBUNAL, POR MAIORIA, NEGOU PROVIMENTO AO AGRAVO, NOS TERMOS DO VOTO DO RELATOR, VENCIDO O MINISTRO MARCO AURÉLIO. PLENÁRIO, SESSÃO VIRTUAL DE 5.4.2019 A 11.4.2019.",0,0,1,1,1,1,1,1,1,1,1,-1,1,0,0,0,0,0,0,0,0
HC 156003 AgR,2019-03-22,Sim,,11,0,AgR,"O TRIBUNAL, POR UNANIMIDADE, NEGOU PROVIMENTO AO AGRAVO REGIMENTAL, NOS TERMOS DO VOTO DA RELATORA. PLENÁRIO, SESSÃO VIRTUAL DE 15.3.2019 A 21.3.2019.",0,0,1,1,1,1,1,1,1,1,1,1,1,0,0,0,0,0,0,0,0
HC 167462 AgR,2019-03-12,Sim,,11,0,AgR,"O TRIBUNAL, POR UNANIMIDADE, NEGOU PROVIMENTO AO AGRAVO REGIMENTAL, NOS TERMOS DO VOTO DO RELATOR, MINISTRO DIAS TOFFOLI (PRESIDENTE). PLENÁRIO, SESSÃO VIRTUAL DE 1.3.2019 A 11.3.2019.",0,0,1,1,1,1,1,1,1,1,1,1,1,0,0,0,0,0,0,0,0
HC 166330 ED,2019-03-01,Não,,10,1,ED,"O TRIBUNAL, POR MAIORIA, CONVERTEU OS EMBARGOS DE DECLARAÇÃO EM AGRAVO REGIMENTAL E NEGOU-LHE PROVIMENTO, NOS TERMOS DO VOTO DO RELATOR, MINISTRO DIAS TOFFOLI (PRESIDENTE), VENCIDO O MINISTRO MARCO AURÉLIO. PLENÁRIO, SESSÃO VIRTUAL DE 22.2.2019 A 28.2.2019.",0,0,1,1,1,1,1,1,1,1,1,-1,1,0,0,0,0,0,0,0,0
HC 127520,2018-12-06,Sim,,8,0,Principal,"O TRIBUNAL, POR UNANIMIDADE, JULGOU PREJUDICADO O HABEAS CORPUS, TORNANDO INSUBSISTENTE A LIMINAR IMPLEMENTADA, NOS TERMOS DO VOTO DO RELATOR. NÃO PARTICIPOU, JUSTIFICADAMENTE, DESTE JULGAMENTO, O MINISTRO GILMAR MENDES. AUSENTES, JUSTIFICADAMENTE, OS MINISTROS CELSO DE MELLO E CÁRMEN LÚCIA. PRESIDÊNCIA DO MINISTRO DIAS TOFFOLI. PLENÁRIO, 6.12.2018.",0,0,1,1,1,1,0,0,1,1,1,1,0,0,0,0,0,0,0,0,0
HC 154351,2018-12-06,Sim,,8,0,Principal,"O TRIBUNAL, POR UNANIMIDADE, JULGOU PREJUDICADO O HABEAS CORPUS, NOS TERMOS DO VOTO DO RELATOR. NÃO PARTICIPOU, JUSTIFICADAMENTE, DESTE JULGAMENTO, O MINISTRO GILMAR MENDES. AUSENTES, JUSTIFICADAMENTE, OS MINISTROS CELSO DE MELLO E CÁRMEN LÚCIA. PRESIDÊNCIA DO MINISTRO DIAS TOFFOLI. PLENÁRIO, 6.12.2018.",0,0,1,1,1,1,0,0,1,1,1,1,0,0,0,0,0,0,0,0,0
HC 161797 AgR,2018-11-23,Não,,10,1,AgR,"O TRIBUNAL, POR MAIORIA, NEGOU PROVIMENTO AO AGRAVO, NOS TERMOS DO VOTO DO RELATOR, VENCIDO O MINISTRO MARCO AURÉLIO. PLENÁRIO, SESSÃO VIRTUAL DE 16.11.2018 A 22.11.2018.",0,0,1,1,1,1,1,1,1,1,1,-1,1,0,0,0,0,0,0,0,0
HC 159997 AgR,2018-11-06,Sim,,11,0,AgR,"O TRIBUNAL, POR UNANIMIDADE, NEGOU PROVIMENTO AO AGRAVO REGIMENTAL, NOS TERMOS DO VOTO DO RELATOR. PLENÁRIO, SESSÃO VIRTUAL DE 26.10.2018 A 5.11.2018.",0,0,1,1,1,1,1,1,1,1,1,1,1,0,0,0,0,0,0,0,0
HC 161264 AgR,2018-10-15,Sim,,11,0,AgR,"O TRIBUNAL, POR UNANIMIDADE, NEGOU PROVIMENTO AO AGRAVO REGIMENTAL, NOS TERMOS DO VOTO DO RELATOR, MINISTRO DIAS TOFFOLI (PRESIDENTE). PLENÁRIO, SESSÃO VIRTUAL DE 5.10.2018 A 11.10.2018.",0,0,1,1,1,1,1,1,1,1,1,1,1,0,0,0,0,0,0,0,0
HC 134055 ED,2018-09-20,Sim,,9,0,ED,"O TRIBUNAL, POR UNANIMIDADE, NEGOU PROVIMENTO AOS EMBARGOS DE DECLARAÇÃO, NOS TERMOS DO VOTO DO RELATOR. AUSENTES, JUSTIFICADAMENTE, OS MINISTROS CELSO DE MELLO E CÁRMEN LÚCIA. PRESIDÊNCIA DO MINISTRO DIAS TOFFOLI. PLENÁRIO, 20.9.2018.",0,0,1,1,1,1,1,0,1,1,1,1,0,0,0,0,0,0,0,0,0
HC 160778 AgR,2018-09-17,Não,,10,1,AgR,"O TRIBUNAL, POR MAIORIA, NEGOU PROVIMENTO AO AGRAVO REGIMENTAL, NOS TERMOS DO VOTO DA RELATORA, MINISTRA CÁRMEN LÚCIA (PRESIDENTE). VENCIDO O MINISTRO MARCO AURÉLIO. PLENÁRIO, SESSÃO VIRTUAL DE 7.9.2018 A 14.9.2018.",0,0,1,1,1,1,1,1,1,1,1,-1,1,0,0,0,0,0,0,0,0
HC 146043 ED,2018-06-29,Não,,10,1,ED,"O TRIBUNAL, POR MAIORIA, CONVERTEU OS EMBARGOS DE DECLARAÇÃO EM AGRAVO REGIMENTAL E NEGOU-LHE PROVIMENTO, NOS TERMOS DO VOTO DO RELATOR. VENCIDO O MINISTRO MARCO AURÉLIO, QUE DAVA PROVIMENTO AO AGRAVO. O MINISTRO GILMAR MENDES ACOMPANHOU O RELATOR COM RESSALVA DE ENTENDIMENTO. PLENÁRIO, SESSÃO VIRTUAL DE 22.6.2018 A 28.6.2018.",0,0,1,1,1,1,1,1,1,1,1,-1,1,0,0,0,0,0,0,0,0
HC 154642 AgR,2018-06-15,Não,,7,4,AgR,"O TRIBUNAL, POR MAIORIA, NEGOU PROVIMENTO AO AGRAVO REGIMENTAL, NOS TERMOS DO VOTO DO RELATOR. VENCIDOS OS MINISTROS GILMAR MENDES E MARCO AURÉLIO, NOS TERMOS DE SEUS VOTOS, E OS MINISTROS DIAS TOFFOLI E RICARDO LEWANDOWSKI, QUE ACOMPANHARAM A DIVERGÊNCIA. PLENÁRIO, SESSÃO VIRTUAL DE 8.6.2018 A 14.6.2018.",0,0,1,-1,1,1,-1,1,1,-1,1,-1,1,0,0,0,0,0,0,0,0
HC 155201 AgR-ED,2018-06-15,Sim,,11,0,AgR,"O TRIBUNAL, POR UNANIMIDADE, REJEITOU OS EMBARGOS DE DECLARAÇÃO E DETERMINOU A REMESSA DOS AUTOS AO SUPERIOR TRIBUNAL DE JUSTIÇA PARA AS PROVIDÊNCIAS JURÍDICAS CABÍVEIS, NOS TERMOS DO VOTO DA RELATORA, MINISTRA CÁRMEN LÚCIA (PRESIDENTE). PLENÁRIO, SESSÃO VIRTUAL DE 8.6.2018 A 14.6.2018.",0,0,1,1,1,1,1,1,1,1,1,1,1,0,0,0,0,0,0,0,0
HC 100949 QO,2018-06-13,Sim,,8,0,QO,"O TRIBUNAL, POR UNANIMIDADE E NOS TERMOS DO VOTO DO RELATOR, RESOLVEU QUESTÃO DE ORDEM NO SENTIDO DE JULGAR PREJUDICADA A IMPETRAÇÃO, POR PERDA SUPERVENIENTE DE OBJETO. AUSENTES, JUSTIFICADAMENTE, OS MINISTROS LUIZ FUX, RICARDO LEWANDOWSKI E CELSO DE MELLO. PRESIDIU O JULGAMENTO A MINISTRA CÁRMEN LÚCIA. PLENÁRIO, 13.6.2018.",0,0,1,1,1,1,1,1,0,0,1,1,0,0,0,0,0,0,0,0,0
HC 144435 AgR,2018-06-04,Não,,9,1,AgR,"O TRIBUNAL, POR MAIORIA, NEGOU PROVIMENTO AO AGRAVO REGIMENTAL, NOS TERMOS DO VOTO DO RELATOR. VENCIDO O MINISTRO MARCO AURÉLIO, QUE DAVA PROVIMENTO AO RECURSO. ACOMPANHARAM O RELATOR COM RESSALVA OS MINISTROS CELSO DE MELLO E GILMAR MENDES. IMPEDIDO O MINISTRO EDSON FACHIN. PLENÁRIO, SESSÃO VIRTUAL DE 25.5.2018 A 1.6.2018.",0,0,1,1,1,0,1,1,1,1,1,-1,1,0,0,0,0,0,0,0,0
HC 145492 AgR,2018-06-04,Não,,9,1,AgR,"O TRIBUNAL, POR MAIORIA, NEGOU PROVIMENTO AO AGRAVO REGIMENTAL, NOS TERMOS DO VOTO DO RELATOR. VENCIDO O MINISTRO MARCO AURÉLIO, QUE DAVA PROVIMENTO AO RECURSO. ACOMPANHARAM O RELATOR COM RESSALVA OS MINISTROS CELSO DE MELLO E GILMAR MENDES. IMPEDIDO O MINISTRO EDSON FACHIN. PLENÁRIO, SESSÃO VIRTUAL DE 25.5.2018 A 1.6.2018.",0,0,1,1,1,0,1,1,1,1,1,-1,1,0,0,0,0,0,0,0,0
HC 155497 ED-AgR,2018-05-25,Sim,,11,0,AgR,"O TRIBUNAL, POR UNANIMIDADE, NEGOU PROVIMENTO AO AGRAVO REGIMENTAL E DETERMINOU A REMESSA DOS AUTOS AO TRIBUNAL REGIONAL FEDERAL DA QUARTA REGIÃO PARA AS PROVIDÊNCIAS JURÍDICAS CABÍVEIS, NOS TERMOS DO VOTO DA RELATORA, MINISTRA CÁRMEN LÚCIA (PRESIDENTE). PLENÁRIO, SESSÃO VIRTUAL DE 18.5.2018 A 24.5.2018.",0,0,1,1,1,1,1,1,1,1,1,1,1,0,0,0,0,0,0,0,0
HC 153769 AgR,2018-04-27,Não,,9,1,AgR,"O TRIBUNAL, POR MAIORIA, NEGOU PROVIMENTO AO AGRAVO REGIMENTAL, NOS TERMOS DO VOTO DO RELATOR. VENCIDO O MINISTRO MARCO AURÉLIO. IMPEDIDO O MINISTRO CELSO DE MELLO. PLENÁRIO, SESSÃO VIRTUAL DE 20.4.2018 A 26.4.2018.",0,0,1,1,1,1,1,1,1,1,1,-1,0,0,0,0,0,0,0,0,0
HC 152707 MC-Ref,2018-04-19,Sim,,11,0,MC," O TRIBUNAL, POR UNANIMIDADE, JULGOU PREJUDICADO O HABEAS CORPUS, TENDO EM CONTA A COMUNICAÇÃO ORAL, NESTA ASSENTADA, FEITA PELO MINISTRO EDSON FACHIN, RELATOR DA AÇÃO PENAL 863, NO SENTIDO DE DEFERIR MONOCRATICAMENTE, DE OFÍCIO, A PRISÃO DOMICILIAR AO ORA PACIENTE. PRESIDIU O JULGAMENTO A MINISTRA CÁRMEN LÚCIA. PLENÁRIO, 19.4.2018.",0,0,1,1,1,1,1,1,1,1,1,1,1,0,0,0,0,0,0,0,0
HC 143333,2018-04-12,Não,,7,4,Principal," EM CONTINUIDADE DE JULGAMENTO, O TRIBUNAL REJEITOU A CONCESSÃO DA ORDEM DE OFÍCIO, POR MAIORIA, VENCIDOS OS MINISTROS DIAS TOFFOLI, RICARDO LEWANDOWSKI, GILMAR MENDES E MARCO AURÉLIO, QUE A CONCEDIAM, NOS TERMOS DE SEUS VOTOS. PRESIDIU O JULGAMENTO A MINISTRA CÁRMEN LÚCIA. PLENÁRIO, 12.4.2018.",0,0,1,-1,1,1,-1,1,1,-1,1,-1,1,0,0,0,0,0,0,0,0
HC 151914 AgR,2018-03-16,Não,,10,1,AgR,"O TRIBUNAL, POR MAIORIA, NEGOU PROVIMENTO AO AGRAVO REGIMENTAL, NOS TERMOS DO VOTO DO RELATOR. VENCIDO O MINISTRO MARCO AURÉLIO. O MINISTRO CELSO DE MELLO ACOMPANHOU O RELATOR COM RESSALVA. PLENÁRIO, SESSÃO VIRTUAL DE 9.3.2018 A 15.3.2018.",0,0,1,1,1,1,1,1,1,1,1,-1,1,0,0,0,0,0,0,0,0
HC 142621 AgR-EDv-AgR,2017-12-01,Não,,10,1,AgR,"O TRIBUNAL, POR MAIORIA, NEGOU PROVIMENTO AO AGRAVO REGIMENTAL, NOS TERMOS DO VOTO DO RELATOR, VENCIDO DO MINISTRO MARCO AURÉLIO. PLENÁRIO, SESSÃO VIRTUAL DE 24.11.2017 A 30.11.2017.",0,0,1,1,1,1,1,1,1,1,1,-1,1,0,0,0,0,0,0,0,0
HC 146216 AgR,2017-10-27,Não,,10,1,AgR,"O TRIBUNAL, POR MAIORIA E NOS TERMOS DO VOTO DO RELATOR, NEGOU PROVIMENTO AO AGRAVO REGIMENTAL, VENCIDO O MINISTRO MARCO AURÉLIO. PLENÁRIO, SESSÃO VIRTUAL DE 20 A 26.10.2017.",0,0,1,1,1,1,1,1,1,1,1,-1,1,0,0,0,0,0,0,0,0
HC 145253 AgR,2017-10-20,Não,,10,1,AgR,"O TRIBUNAL, POR MAIORIA, NEGOU PROVIMENTO AO AGRAVO REGIMENTAL, NOS TERMOS DO VOTO DO RELATOR, VENCIDO O MINISTRO MARCO AURÉLIO. PLENÁRIO, SESSÃO VIRTUAL DE 13.10.2017 A 19.10.2017.",0,0,1,1,1,1,1,1,1,1,1,-1,1,0,0,0,0,0,0,0,0
HC 146345 AgR,2017-10-20,Não,,10,1,AgR,"O TRIBUNAL, POR MAIORIA, NEGOU PROVIMENTO AO AGRAVO REGIMENTAL, NOS TERMOS DO VOTO DO RELATOR, VENCIDO O MINISTRO MARCO AURÉLIO. PLENÁRIO, SESSÃO VIRTUAL DE 13.10.2017 A 19.10.2017.",0,0,1,1,1,1,1,1,1,1,1,-1,1,0,0,0,0,0,0,0,0
HC 105959 ED,2017-09-11,Sim,,11,0,ED,"O TRIBUNAL, POR UNANIMIDADE E NOS TERMOS DO VOTO DO RELATOR, NÃO CONHECEU DOS EMBARGOS DE DECLARAÇÃO. PLENÁRIO VIRTUAL, SESSÃO DE 1º A 8.9.2017 (PORTARIA N. 190, DE 31 DE AGOSTO DE 2017).",0,0,1,1,1,1,1,1,1,1,1,1,1,0,0,0,0,0,0,0,0
HC 134442 AgR-segundo,2017-09-01,Não,,10,1,AgR,"O TRIBUNAL, POR MAIORIA E NOS TERMOS DO VOTO DA RELATORA, MINISTRA CÁRMEN LÚCIA (PRESIDENTE), INDEFERIU O REQUERIMENTO DE RETIRADA DO RECURSO DA PAUTA DO PLENÁRIO VIRTUAL E DE SUSTENTAÇÃO ORAL, POR AUSÊNCIA DE PREVISÃO LEGAL, E NEGOU PROVIMENTO AO AGRAVO REGIMENTAL, DETERMINANDO O RETORNO DOS AUTOS AO MINISTRO RICARDO LEWANDOWSKI, SUCESSOR DA RELATORA NESTE HABEAS CORPUS. VENCIDO O MINISTRO MARCO AURÉLIO, QUE DAVA PROVIMENTO AO AGRAVO. O MINISTRO CELSO DE MELLO DECLAROU SUSPEIÇÃO. PLENÁRIO, SESSÃO VIRTUAL DE 25 A 31.8.2017.",0,0,1,1,1,1,1,1,1,1,1,-1,1,0,0,0,0,0,0,0,0
HC 143756 AgR,2017-09-01,Não,,10,1,AgR,"O TRIBUNAL, POR MAIORIA E NOS TERMOS DO VOTO DA RELATORA, MINISTRA CÁRMEN LÚCIA (PRESIDENTE), NEGOU PROVIMENTO AO AGRAVO REGIMENTAL E DETERMINOU A REMESSA DOS AUTOS AO SUPERIOR TRIBUNAL DE JUSTIÇA PARA AS PROVIDÊNCIAS CABÍVEIS, VENCIDO O MINISTRO MARCO AURÉLIO, QUE DAVA PROVIMENTO AO AGRAVO. PLENÁRIO, SESSÃO VIRTUAL DE 25 A 31.8.2017.",0,0,1,1,1,1,1,1,1,1,1,-1,1,0,0,0,0,0,0,0,0
HC 137289 AgR-segundo-AgR-ED,2017-09-01,Sim,,11,0,AgR,"O TRIBUNAL, POR UNANIMIDADE E NOS TERMOS DO VOTO DA RELATORA, MINISTRA CÁRMEN LÚCIA (PRESIDENTE), REJEITOU OS EMBARGOS DE DECLARAÇÃO E DETERMINOU, INDEPENDENTEMENTE DA PUBLICAÇÃO DO ACÓRDÃO REFERENTE AO PRESENTE JULGAMENTO, SEJA CERTIFICADO O TRÂNSITO EM JULGADO E CUMPRIDA A DETERMINAÇÃO DE REMESSA DESTES AUTOS AO TRIBUNAL DE JUSTIÇA DO DISTRITO FEDERAL E DOS TERRITÓRIOS PARA AS PROVIDÊNCIAS JURÍDICAS CABÍVEIS, CONSTANTES NA DECISÃO PELA QUAL SE NEGOU SEGUIMENTO À PRESENTE IMPETRAÇÃO, CONFIRMADA PELO PLENÁRIO DESTE SUPREMO TRIBUNAL FEDERAL. PLENÁRIO, SESSÃO VIRTUAL DE 25 A 31.8.2017.",0,0,1,1,1,1,1,1,1,1,1,1,1,0,0,0,0,0,0,0,0
HC 136898 AgR,2017-05-19,Não,,9,1,AgR,"O TRIBUNAL, POR MAIORIA E NOS TERMOS DO VOTO DO RELATOR, DESPROVEU O AGRAVO REGIMENTAL, VENCIDO O MINISTRO MARCO AURÉLIO, QUE O PROVIA. IMPEDIDO O MINISTRO ROBERTO BARROSO. DECLARARAM SUSPEIÇÃO OS MINISTROS DIAS TOFFOLI E CELSO DE MELLO. PLENÁRIO, SESSÃO VIRTUAL DE 12 A 18.5.2017.",0,0,1,1,0,1,1,1,1,1,1,-1,1,0,0,0,0,0,0,0,0
HC 115787,2017-05-18,Não,,7,1,Principal,"O TRIBUNAL, POR MAIORIA, NÃO CONHECEU DA IMPETRAÇÃO, VENCIDO O MINISTRO MARCO AURÉLIO (RELATOR), QUE A JULGAVA PREJUDICADA. IMPEDIDA A MINISTRA CÁRMEN LÚCIA (PRESIDENTE). AUSENTES, JUSTIFICADAMENTE, O MINISTRO ROBERTO BARROSO, EM COMPROMISSO NA UNIVERSIDADE DE OXFORD, NO REINO UNIDO, E O MINISTRO GILMAR MENDES. PRESIDIU O JULGAMENTO O MINISTRO DIAS TOFFOLI (VICE-PRESIDENTE), QUE REDIGIRÁ O ACÓRDÃO. PLENÁRIO, 18.5.2017.",0,0,1,1,0,1,0,0,1,1,1,-1,1,0,0,0,0,0,0,0,0
HC 122389 AgR,2017-03-31,Não,,10,1,AgR,"O TRIBUNAL, POR MAIORIA E NOS TERMOS DO VOTO DO RELATOR, NEGOU PROVIMENTO AO AGRAVO REGIMENTAL, VENCIDO O MINISTRO MARCO AURÉLIO, QUE O PROVIA. PLENÁRIO, SESSÃO VIRTUAL DE 24 A 30.03.2017.",0,0,1,1,1,1,1,1,1,1,1,-1,1,0,0,0,0,0,0,0,0
HC 123971 ED,2017-03-31,Sim,,11,0,ED,"O TRIBUNAL, POR UNANIMIDADE E NOS TERMOS DO VOTO DO RELATOR, NEGOU PROVIMENTO AOS EMBARGOS. PLENÁRIO, SESSÃO VIRTUAL DE 24 A 30.03.2017.",0,0,1,1,1,1,1,1,1,1,1,1,1,0,0,0,0,0,0,0,0
HC 87395,2017-03-23,Não," | ATENÇÃO, votação com sucessão de ministros",8,3,Principal," O TRIBUNAL, POR MAIORIA E NOS TERMOS DO VOTO DO MINISTRO RELATOR, ORA REAJUSTADO, DENEGOU A ORDEM, VENCIDOS OS MINISTROS MARCO AURÉLIO, JOAQUIM BARBOSA E CEZAR PELUSO, QUE A DEFERIAM. NÃO VOTARAM O MINISTRO ALEXANDRE DE MORAES, POR SUCEDER O MINISTRO TEORI ZAVASCKI, QUE, POR SUA VEZ, SUCEDERA O MINISTRO CEZAR PELUSO, E O MINISTRO EDSON FACHIN, POR SUCEDER O MINISTRO JOAQUIM BARBOSA. AUSENTE, JUSTIFICADAMENTE, O MINISTRO LUIZ FUX. PRESIDIU O JULGAMENTO A MINISTRA CÁRMEN LÚCIA. PLENÁRIO, 23.3.2017.",0,0,0,1,1,0,1,1,0,1,1,-1,1,1,-1,0,-1,0,0,0,0
HC 119775,2016-12-19,Não,,6,3,Principal,"O TRIBUNAL, POR MAIORIA E NOS TERMOS DO VOTO DO RELATOR, JULGOU PREJUDICADO O HABEAS CORPUS, VENCIDOS OS MINISTROS ROBERTO BARROSO, LUIZ FUX E CÁRMEN LÚCIA (PRESIDENTE), QUE NÃO CONHECIAM DO HABEAS. IMPEDIDA A MINISTRA ROSA WEBER. AUSENTE, JUSTIFICADAMENTE, O MINISTRO CELSO DE MELLO. PLENÁRIO, 19.12.2016.",0,0,0,1,-1,1,1,-1,-1,1,0,1,0,1,0,0,0,0,0,0,0
HC 137701 AgR,2016-12-15,Não,,10,1,AgR,"O TRIBUNAL, POR MAIORIA E NOS TERMOS DO VOTO DO RELATOR, NEGOU PROVIMENTO AO AGRAVO REGIMENTAL, VENCIDO O MINISTRO MARCO AURÉLIO, QUE O PROVIA. AUSENTES, NESTA ASSENTADA, OS MINISTROS ROBERTO BARROSO E GILMAR MENDES. PRESIDIU O JULGAMENTO A MINISTRA CÁRMEN LÚCIA. PLENÁRIO, 15.12.2016.",0,0,0,1,1,1,1,1,1,1,1,-1,1,1,0,0,0,0,0,0,0
HC 135143 AgR,2016-12-09,Não,,10,1,AgR,"O TRIBUNAL, POR MAIORIA E NOS TERMOS DO VOTO DO RELATOR, MINISTRO ROBERTO BARROSO, NEGOU PROVIMENTO AO AGRAVO REGIMENTAL, VENCIDO O MINISTRO MARCO AURÉLIO, QUE O PROVIA. O MINISTRO CELSO DE MELLO ACOMPANHOU O RELATOR COM RESSALVA DE ENTENDIMENTO. PLENÁRIO, SESSÃO VIRTUAL DE 02.12 A 08.12.2016.",0,0,0,1,1,1,1,1,1,1,1,-1,1,1,0,0,0,0,0,0,0
HC 128999 AgR-EI-AgR,2016-12-02,Não,,10,1,AgR,"O TRIBUNAL, POR MAIORIA E NOS TERMOS DO VOTO DA RELATORA, NEGOU PROVIMENTO AO AGRAVO REGIMENTAL, VENCIDO O MINISTRO MARCO AURÉLIO, QUE O PROVIA. PLENÁRIO, SESSÃO VIRTUAL DE 25.11 A 01.12.2016.",0,0,0,1,1,1,1,1,1,1,1,-1,1,1,0,0,0,0,0,0,0
HC 134461 AgR,2016-11-18,Não,,10,1,AgR,"O TRIBUNAL, POR MAIORIA E NOS TERMOS DO VOTO DA RELATORA, MINISTRA CÁRMEN LÚCIA (PRESIDENTE), NEGOU PROVIMENTO AO AGRAVO REGIMENTAL E DETERMINOU A REMESSA DOS AUTOS AO SUPERIOR TRIBUNAL DE JUSTIÇA PARA AS PROVIDÊNCIAS JURÍDICAS CABÍVEIS, VENCIDO O MINISTRO MARCO AURÉLIO, QUE PROVIA O RECURSO. PLENÁRIO, SESSÃO VIRTUAL DE 11 A 17.11.2016.",0,0,0,1,1,1,1,1,1,1,1,-1,1,1,0,0,0,0,0,0,0
HC 132215 ED,2016-11-18,Não,,10,1,ED,"O TRIBUNAL, POR MAIORIA E NOS TERMOS DO VOTO DA RELATORA, MINISTRA CÁRMEN LÚCIA (PRESIDENTE), REJEITOU OS EMBARGOS DE DECLARAÇÃO E DETERMINOU A REMESSA DOS AUTOS AO TRIBUNAL DE JUSTIÇA DE SÃO PAULO PARA AS PROVIDÊNCIAS JURÍDICAS CABÍVEIS, VENCIDO O MINISTRO MARCO AURÉLIO, QUE NÃO CONHECIA DOS EMBARGOS. PLENÁRIO, SESSÃO VIRTUAL DE 11 A 17.11.2016.",0,0,0,1,1,1,1,1,1,1,1,-1,1,1,0,0,0,0,0,0,0
HC 136097 AgR,2016-10-14,Não,,10,1,AgR,"O TRIBUNAL, POR MAIORIA E NOS TERMOS DO VOTO DO RELATOR, NEGOU PROVIMENTO AO RECURSO DE AGRAVO, VENCIDO O MINISTRO MARCO AURÉLIO, QUE O PROVIA. PLENÁRIO, SESSÃO VIRTUAL DE 07 A 13.10.2016.",0,0,0,1,1,1,1,1,1,1,1,-1,1,1,0,0,0,0,0,0,0
HC 126292 ED,2016-09-02,Não,,10,1,ED,"O TRIBUNAL, POR MAIORIA E NOS TERMOS DO VOTO DO RELATOR, REJEITOU OS EMBARGOS DE DECLARAÇÃO, VENCIDO O MINISTRO CELSO DE MELLO. A MINISTRA ROSA WEBER ACOMPANHOU O RELATOR COM RESSALVA. PLENÁRIO, SESSÃO VIRTUAL DE 26 DE AGOSTO A 1º DE SETEMBRO DE 2016.",0,0,0,1,1,1,1,1,1,1,1,1,-1,1,0,0,0,0,0,0,0
HC 134699 AgR,2016-08-18,Não,,8,2,AgR,"O TRIBUNAL, POR MAIORIA E NOS TERMOS DO VOTO DA RELATORA, NEGOU PROVIMENTO AO AGRAVO REGIMENTAL, VENCIDOS OS MINISTROS MARCO AURÉLIO E RICARDO LEWANDOWSKI (PRESIDENTE). IMPEDIDO O MINISTRO LUIZ FUX. AUSENTES, JUSTIFICADAMENTE, OS MINISTROS CELSO DE MELLO, TEORI ZAVASCKI E, NESTE JULGAMENTO, OS MINISTROS GILMAR MENDES E DIAS TOFFOLI. PLENÁRIO, 18.08.2016.",0,0,0,1,1,1,1,1,0,-1,1,-1,1,1,0,0,0,0,0,0,0
HC 113365 ED-EI-AgR,2016-07-01,Não,,10,1,AgR,"O TRIBUNAL, POR MAIORIA E NOS TERMOS DO VOTO DA RELATORA, CONHECEU DO AGRAVO REGIMENTAL E A ESTE NEGOU PROVIMENTO, VENCIDO O MINISTRO MARCO AURÉLIO, QUE O PROVIA. AUSENTES, JUSTIFICADAMENTE, O MINISTRO CELSO DE MELLO E, NESTE JULGAMENTO, OS MINISTROS GILMAR MENDES, CÁRMEN LÚCIA E LUIZ FUX. PRESIDIU O JULGAMENTO O MINISTRO RICARDO LEWANDOWSKI. PLENÁRIO, 01.07.2016.",0,0,0,1,1,1,1,1,1,1,1,-1,1,1,0,0,0,0,0,0,0
HC 132400 AgR,2016-07-01,Não,,9,1,AgR,"O TRIBUNAL, POR MAIORIA, CONHECEU DO AGRAVO REGIMENTAL E A ESTE NEGOU PROVIMENTO, VENCIDO O MINISTRO MARCO AURÉLIO, QUE O PROVIA. IMPEDIDO O MINISTRO TEORI ZAVASCKI. AUSENTES, JUSTIFICADAMENTE, O MINISTRO CELSO DE MELLO E, NESTE JULGAMENTO, OS MINISTROS GILMAR MENDES, CÁRMEN LÚCIA E LUIZ FUX. PRESIDIU O JULGAMENTO O MINISTRO RICARDO LEWANDOWSKI. PLENÁRIO, 01.07.2016.",0,0,0,1,1,1,1,1,1,1,1,-1,1,0,0,0,0,0,0,0,0
HC 118533,2016-06-23,Não,,8,3,Principal," O TRIBUNAL, POR MAIORIA E NOS TERMOS DO VOTO DA RELATORA, CONCEDEU A ORDEM PARA AFASTAR A NATUREZA HEDIONDA DO TRÁFICO PRIVILEGIADO DE DROGAS, VENCIDOS OS MINISTROS LUIZ FUX, DIAS TOFFOLI E MARCO AURÉLIO. REAJUSTARAM OS VOTOS OS MINISTROS EDSON FACHIN, TEORI ZAVASCKI E ROSA WEBER. AUSENTE, NESTA ASSENTADA, O MINISTRO GILMAR MENDES. PRESIDIU O JULGAMENTO O MINISTRO RICARDO LEWANDOWSKI. PLENÁRIO, 23.06.2016.",0,0,0,-1,1,1,1,1,-1,1,1,-1,1,1,0,0,0,0,0,0,0
HC 134315 AgR,2016-06-16,Não,,5,1,AgR,"O TRIBUNAL, POR MAIORIA E NOS TERMOS DO VOTO DO RELATOR, NEGOU PROVIMENTO AO AGRAVO REGIMENTAL, VENCIDO O MINISTRO MARCO AURÉLIO. AUSENTES, JUSTIFICADAMENTE, O MINISTRO CELSO DE MELLO, O MINISTRO GILMAR MENDES, A MINISTRA CÁRMEN LÚCIA, PALESTRANTE NO XXII ENCONTRO DE PRESIDENTES E MAGISTRADOS DE TRIBUNAIS E SALAS CONSTITUCIONAIS DA AMÉRICA LATINA, NA CIDADE DO MÉXICO, O MINISTRO DIAS TOFFOLI, PARTICIPANDO DO ENCONTRO COM A COMISSÃO ELEITORAL DA LEGISLATURA DA PROVÍNCIA DE CÓRDOBA E O PRESIDENTE DO TRIBUNAL SUPREMO DE JUSTIÇA, NA ARGENTINA, E O MINISTRO ROBERTO BARROSO. PRESIDÊNCIA DO MINISTRO RICARDO LEWANDOWSKI. PLENÁRIO, 16.06.2016.",0,0,0,0,0,1,0,0,1,1,1,-1,0,1,0,0,0,0,0,0,0
HC 134222 ED,2016-06-16,Não,,5,1,ED,"O TRIBUNAL, POR MAIORIA E NOS TERMOS DO VOTO DO RELATOR, RECEBEU OS EMBARGOS DE DECLARAÇÃO COMO AGRAVO REGIMENTAL E A ESTE NEGOU PROVIMENTO, VENCIDO O MINISTRO MARCO AURÉLIO NA CONVERSÃO E NO MÉRITO. AUSENTES, JUSTIFICADAMENTE, O MINISTRO CELSO DE MELLO, O MINISTRO GILMAR MENDES, A MINISTRA CÁRMEN LÚCIA, PALESTRANTE NO XXII ENCONTRO DE PRESIDENTES E MAGISTRADOS DE TRIBUNAIS E SALAS CONSTITUCIONAIS DA AMÉRICA LATINA, NA CIDADE DO MÉXICO, O MINISTRO DIAS TOFFOLI, PARTICIPANDO DO ENCONTRO COM A COMISSÃO ELEITORAL DA LEGISLATURA DA PROVÍNCIA DE CÓRDOBA E O PRESIDENTE DO TRIBUNAL SUPREMO DE JUSTIÇA, NA ARGENTINA, E O MINISTRO ROBERTO BARROSO. PRESIDÊNCIA DO MINISTRO RICARDO LEWANDOWSKI. PLENÁRIO, 16.06.2016.",0,0,0,0,0,1,0,0,1,1,1,-1,0,1,0,0,0,0,0,0,0
HC 133753 AgR,2016-06-02,Não,,10,1,AgR,"O TRIBUNAL, POR MAIORIA E NOS TERMOS DO VOTO DA RELATORA, NEGOU PROVIMENTO AO AGRAVO REGIMENTAL, VENCIDO O MINISTRO MARCO AURÉLIO, QUE O PROVIA. AUSENTES, NESTE JULGAMENTO, OS MINISTROS GILMAR MENDES, DIAS TOFFOLI E LUIZ FUX. PRESIDIU O JULGAMENTO O MINISTRO RICARDO LEWANDOWSKI. PLENÁRIO, 02.06.2016.",0,0,0,1,1,1,1,1,1,1,1,-1,1,1,0,0,0,0,0,0,0
HC 133091 AgR,2016-06-02,Não,,9,1,AgR,"O TRIBUNAL, POR MAIORIA E NOS TERMOS DO VOTO DO RELATOR, NEGOU PROVIMENTO AO AGRAVO REGIMENTAL, VENCIDO O MINISTRO MARCO AURÉLIO, QUE O PROVIA. IMPEDIDO O MINISTRO EDSON FACHIN. AUSENTES, NESTE JULGAMENTO, OS MINISTROS GILMAR MENDES E DIAS TOFFOLI. PRESIDIU O JULGAMENTO O MINISTRO RICARDO LEWANDOWSKI. PLENÁRIO, 02.06.2016.",0,0,0,1,1,0,1,1,1,1,1,-1,1,1,0,0,0,0,0,0,0
HC 92932 ED,2016-04-06,Sim,,11,0,ED,"O TRIBUNAL, POR UNANIMIDADE E NOS TERMOS DO VOTO DO RELATOR, REJEITOU OS EMBARGOS DE DECLARAÇÃO, TORNANDO SEM EFEITO A DECISÃO PROFERIDA NO HABEAS CORPUS Nº 117.337. AUSENTES, JUSTIFICADAMENTE, O MINISTRO CELSO DE MELLO, E, NESTE JULGAMENTO, O MINISTRO GILMAR MENDES. PRESIDIU O JULGAMENTO O MINISTRO RICARDO LEWANDOWSKI. PLENÁRIO, 06.04.2016.",0,0,0,1,1,1,1,1,1,1,1,1,1,1,0,0,0,0,0,0,0
HC 129507 AgR,2016-03-17,Não,,9,1,AgR,"O TRIBUNAL, POR MAIORIA E NOS TERMOS DO VOTO DO RELATOR, NEGOU PROVIMENTO AO AGRAVO REGIMENTAL, VENCIDO O MINISTRO MARCO AURÉLIO. IMPEDIDO O MINISTRO TEORI ZAVASCKI. AUSENTES, NESTE JULGAMENTO, OS MINISTROS GILMAR MENDES E DIAS TOFFOLI. PRESIDIU O JULGAMENTO O MINISTRO RICARDO LEWANDOWSKI. PLENÁRIO, 17.03.2016.",0,0,0,1,1,1,1,1,1,1,1,-1,1,0,0,0,0,0,0,0,0
HC 133267 AgR,2016-03-17,Sim,,11,0,AgR,"O TRIBUNAL, POR UNANIMIDADE E NOS TERMOS DO VOTO DO RELATOR, NEGOU PROVIMENTO AO AGRAVO REGIMENTAL. AUSENTE, NESTE JULGAMENTO, O MINISTRO RICARDO LEWANDOWSKI (PRESIDENTE). PRESIDIU O JULGAMENTO A MINISTRA CÁRMEN LÚCIA (VICE-PRESIDENTE). PLENÁRIO, 17.03.2016.",0,0,0,1,1,1,1,1,1,1,1,1,1,1,0,0,0,0,0,0,0
HC 129430 AgR,2016-03-17,Não,,9,1,AgR,"O TRIBUNAL, POR MAIORIA E NOS TERMOS DO VOTO DO RELATOR, NEGOU PROVIMENTO AO AGRAVO REGIMENTAL, VENCIDO O MINISTRO MARCO AURÉLIO. IMPEDIDO O MINISTRO LUIZ FUX. AUSENTES, NESTE JULGAMENTO, OS MINISTROS GILMAR MENDES E DIAS TOFFOLI. PRESIDIU O JULGAMENTO O MINISTRO RICARDO LEWANDOWSKI. PLENÁRIO, 17.03.2016.",0,0,0,1,1,1,1,1,0,1,1,-1,1,1,0,0,0,0,0,0,0
HC 127900,2016-03-03,Sim,Múltiplas decisões |,9,0,Principal,"O TRIBUNAL, POR UNANIMIDADE, INDEFERIU A ORDEM E, POR MAIORIA, VENCIDO O MINISTRO MARCO AURÉLIO, MODULOU A DECISÃO, TUDO NOS TERMOS DO VOTO DO RELATOR. FALOU, PELOS PACIENTES, O DR. GUSTAVO DE ALMEIDA RIBEIRO, DEFENSOR PÚBLICO FEDERAL. AUSENTES, JUSTIFICADAMENTE, OS MINISTROS CÁRMEN LÚCIA E LUIZ FUX. PRESIDIU O JULGAMENTO O MINISTRO RICARDO LEWANDOWSKI. PLENÁRIO, 03.03.2016.",0,0,0,1,1,1,1,0,0,1,1,1,1,1,0,0,0,0,0,0,0
HC 129335 AgR,2016-03-03,Sim,,9,0,AgR,"O TRIBUNAL, POR UNANIMIDADE E NOS TERMOS DO VOTO DO RELATOR, NEGOU PROVIMENTO AO AGRAVO REGIMENTAL. AUSENTES, JUSTIFICADAMENTE, OS MINISTROS CÁRMEN LÚCIA E LUIZ FUX. PRESIDIU O JULGAMENTO O MINISTRO RICARDO LEWANDOWSKI. PLENÁRIO, 03.03.2016.",0,0,0,1,1,1,1,0,0,1,1,1,1,1,0,0,0,0,0,0,0
HC 131202 AgR,2016-03-03,Não,,7,1,AgR,"O TRIBUNAL, POR MAIORIA E NOS TERMOS DO VOTO DO RELATOR, NEGOU PROVIMENTO AO AGRAVO REGIMENTAL, VENCIDO O MINISTRO MARCO AURÉLIO. IMPEDIDA A MINISTRA ROSA WEBER. AUSENTES, JUSTIFICADAMENTE, OS MINISTROS CÁRMEN LÚCIA E LUIZ FUX. PRESIDIU O JULGAMENTO O MINISTRO RICARDO LEWANDOWSKI. PLENÁRIO, 03.03.2016.",0,0,0,1,1,1,1,0,0,1,0,-1,1,1,0,0,0,0,0,0,0
HC 123971,2016-02-25,Não,Conferir voto do Relator: TEORI ZAVASCKIConferir voto do Relator: TEORI ZAVASCKI,6,3,Principal," O TRIBUNAL, POR MAIORIA, DENEGOU A ORDEM, VENCIDOS OS MINISTROS TEORI ZAVASCKI (RELATOR), MARCO AURÉLIO E RICARDO LEWANDOWSKI (PRESIDENTE). REDATOR PARA O ACÓRDÃO O MINISTRO ROBERTO BARROSO. AUSENTES, JUSTIFICADAMENTE, OS MINISTROS CELSO DE MELLO E CÁRMEN LÚCIA. FALOU, PELO PACIENTE, O DR. JOÃO MARCOS BRAGA. PLENÁRIO, 25.02.2016.",0,0,0,1,1,1,1,0,1,-1,1,-1,0,-1,0,0,0,0,0,0,0
HC 105959,2016-02-17,Não,Conferir voto do Relator: MARCO AURÉLIOConferir voto do Relator: MARCO AURÉLIOConferir voto do Relator: MARCO AURÉLIO,6,5,Principal,"O TRIBUNAL, POR MAIORIA, NÃO CONHECEU DO HABEAS CORPUS, VENCIDOS OS MINISTROS MARCO AURÉLIO (RELATOR), DIAS TOFFOLI, GILMAR MENDES, CELSO DE MELLO E RICARDO LEWANDOWSKI (PRESIDENTE). REDIGIRÁ O ACÓRDÃO O MINISTRO EDSON FACHIN. FALARAM, PELO PACIENTE PAULO ROBERTO DE CARVALHO MOREIRA DA SILVA, O DR. NÉLIO ROBERTO SEIDL MACHADO, E, PELO MINISTÉRIO PÚBLICO FEDERAL, O DR. RODRIGO JANOT MONTEIRO DE BARROS. PLENÁRIO, 17.02.2016.",0,0,0,-1,1,1,-1,1,1,-1,1,-1,-1,1,0,0,0,0,0,0,0
HC 126292,2016-02-17,Não,,7,4,Principal," O TRIBUNAL, POR MAIORIA E NOS TERMOS DO VOTO DO RELATOR, DENEGOU A ORDEM, COM A CONSEQÜENTE REVOGAÇÃO DA LIMINAR, VENCIDOS OS MINISTROS ROSA WEBER, MARCO AURÉLIO, CELSO DE MELLO E RICARDO LEWANDOWSKI (PRESIDENTE). FALOU, PELO MINISTÉRIO PÚBLICO FEDERAL, O DR. RODRIGO JANOT MONTEIRO DE BARROS, PROCURADOR-GERAL DA REPÚBLICA. PLENÁRIO, 17.02.2016.",0,0,0,1,1,1,1,1,1,-1,-1,-1,-1,1,0,0,0,0,0,0,0
HC 129802 AgR,2015-12-18,Não,,8,1,AgR,"O TRIBUNAL, POR MAIORIA E NOS TERMOS DO VOTO DO RELATOR, NEGOU PROVIMENTO AO AGRAVO REGIMENTAL, VENCIDO O MINISTRO MARCO AURÉLIO. AUSENTES, JUSTIFICADAMENTE, OS MINISTROS CELSO DE MELLO E GILMAR MENDES. PRESIDIU O JULGAMENTO O MINISTRO RICARDO LEWANDOWSKI. PLENÁRIO, 18.12.2015.",0,0,0,1,1,1,0,1,1,1,1,-1,0,1,0,0,0,0,0,0,0
HC 116655,2015-12-02,Sim,,11,0,Principal,"O TRIBUNAL, POR UNANIMIDADE E NOS TERMOS DO VOTO DO RELATOR, JULGOU PREJUDICADO O HABEAS CORPUS. AUSENTES, JUSTIFICADAMENTE, O MINISTRO ROBERTO BARROSO, REPRESENTANDO O SUPREMO TRIBUNAL FEDERAL NO EVENTO “O PODER DAS CORTES CONSTITUCIONAIS NO MUNDO GLOBALIZADO”, NA UNIVERSIDADE DE NOVA YORK, E, NESTE JULGAMENTO, OS MINISTROS CELSO DE MELLO, GILMAR MENDES E DIAS TOFFOLI. PRESIDIU O JULGAMENTO O MINISTRO RICARDO LEWANDOWSKI. PLENÁRIO, 02.12.2015.",0,0,0,1,1,1,1,1,1,1,1,1,1,1,0,0,0,0,0,0,0
HC 125132 AgR,2015-10-07,Não,,10,1,AgR,"O TRIBUNAL, POR MAIORIA E NOS TERMOS DO VOTO DO RELATOR, MINISTRO RICARDO LEWANDOWSKI (PRESIDENTE), NEGOU PROVIMENTO AO AGRAVO REGIMENTAL, VENCIDO O MINISTRO MARCO AURÉLIO, QUE O PROVIA. AUSENTES, JUSTIFICADAMENTE, OS MINISTROS CELSO DE MELLO, GILMAR MENDES E, NESTE JULGAMENTO, O MINISTRO DIAS TOFFOLI. PLENÁRIO, 07.10.2015.",0,0,0,1,1,1,1,1,1,1,1,-1,1,1,0,0,0,0,0,0,0
HC 124280 ED,2015-10-07,Não,Múltiplas decisões |,9,2,ED,"O TRIBUNAL, POR MAIORIA, VENCIDO O MINISTRO MARCO AURÉLIO, RECEBEU OS EMBARGOS DE DECLARAÇÃO COMO AGRAVO REGIMENTAL E A ESTE, POR UNANIMIDADE, NEGOU PROVIMENTO, TUDO NOS TERMOS DO VOTO DO RELATOR, MINISTRO RICARDO LEWANDOWSKI (PRESIDENTE). AUSENTES, JUSTIFICADAMENTE, OS MINISTROS CELSO DE MELLO, GILMAR MENDES E, NESTE JULGAMENTO, O MINISTRO DIAS TOFFOLI. PLENÁRIO, 07.10.2015.",0,0,0,1,1,1,1,1,1,-1,1,-1,1,1,0,0,0,0,0,0,0
HC 127483,2015-08-27,Sim,,10,0,Principal," O TRIBUNAL, POR UNANIMIDADE E NOS TERMOS DO VOTO DO RELATOR, DENEGOU A ORDEM. IMPEDIDO O MINISTRO TEORI ZAVASCKI. PRESIDIU O JULGAMENTO O MINISTRO RICARDO LEWANDOWSKI. PLENÁRIO, 27.08.2015.",0,0,0,1,1,1,1,1,1,1,1,1,1,0,0,0,0,0,0,0,0
HC 123734,2015-08-03,Não,,8,3,Principal," RETIFICADA A PROCLAMAÇÃO DA ASSENTADA ANTERIOR PARA CONSTAR QUE O JULGAMENTO FOI SUSPENSO PELO PEDIDO DE VISTA DO MINISTRO TEORI ZAVASCKI. EM SEGUIDA, O TRIBUNAL, POR MAIORIA E NOS TERMOS DO VOTO ORA REAJUSTADO DO MINISTRO ROBERTO BARROSO (RELATOR), DENEGOU A ORDEM, VENCIDOS OS MINISTROS EDSON FACHIN E ROSA WEBER, QUE NÃO CONHECIAM DO HABEAS CORPUS, E O MINISTRO CELSO DE MELLO, QUE CONCEDIA A ORDEM. PRESIDIU O JULGAMENTO O MINISTRO RICARDO LEWANDOWSKI. PLENÁRIO, 03.08.2015.",0,0,0,1,1,-1,1,1,1,1,-1,1,-1,1,0,0,0,0,0,0,0
HC 123533,2015-08-03,Não,,9,2,Principal," RETIFICADA A PROCLAMAÇÃO DA ASSENTADA ANTERIOR PARA CONSTAR QUE O JULGAMENTO FOI SUSPENSO PELO PEDIDO DE VISTA DO MINISTRO TEORI ZAVASCKI. EM SEGUIDA, O TRIBUNAL, POR MAIORIA E NOS TERMOS DO VOTO ORA REAJUSTADO DO MINISTRO ROBERTO BARROSO (RELATOR), DENEGOU A ORDEM, MAS CONCEDEU HABEAS CORPUS DE OFÍCIO PARA FIXAR O REGIME ABERTO PARA O CUMPRIMENTO DA PENA, VENCIDOS, PARCIALMENTE, OS MINISTROS CELSO DE MELLO E ROSA WEBER, QUE NÃO CONHECIAM DO HABEAS CORPUS, MAS CONCEDIAM A ORDEM DE OFÍCIO, E INTEGRALMENTE VENCIDOS O MINISTRO EDSON FACHIN, QUE NÃO CONHECIA DO HABEAS CORPUS, E O MINISTRO MARCO AURÉLIO, QUE DENEGAVA A ORDEM. PRESIDIU O JULGAMENTO O MINISTRO RICARDO LEWANDOWSKI. PLENÁRIO, 03.08.2015.",0,0,0,1,1,-1,1,1,1,1,1,-1,1,1,0,0,0,0,0,0,0
HC 123108,2015-08-03,Não,,9,2,Principal," RETIFICADA A PROCLAMAÇÃO DA ASSENTADA ANTERIOR PARA CONSTAR QUE O JULGAMENTO FOI SUSPENSO PELO PEDIDO DE VISTA DO MINISTRO TEORI ZAVASCKI. EM SEGUIDA, O TRIBUNAL, POR MAIORIA E NOS TERMOS DO VOTO ORA REAJUSTADO DO MINISTRO ROBERTO BARROSO (RELATOR), DENEGOU A ORDEM, MAS CONCEDEU HABEAS CORPUS DE OFÍCIO PARA FIXAR O REGIME ABERTO PARA O CUMPRIMENTO DA PENA, VENCIDOS, PARCIALMENTE, A MINISTRA ROSA WEBER E O MINISTRO CELSO DE MELLO, QUE CONCEDIAM A ORDEM, E INTEGRALMENTE VENCIDOS O MINISTRO EDSON FACHIN, QUE NÃO CONHECIA DO HABEAS CORPUS, E O MINISTRO MARCO AURÉLIO, QUE DENEGAVA A ORDEM. PRESIDIU O JULGAMENTO O MINISTRO RICARDO LEWANDOWSKI. PLENÁRIO, 03.08.2015.",0,0,0,1,1,-1,1,1,1,1,1,-1,1,1,0,0,0,0,0,0,0
HC 94620,2015-06-24,Não,,8,2,Principal," O TRIBUNAL, POR MAIORIA E NOS TERMOS DO VOTO ORA REAJUSTADO DO RELATOR, MINISTRO RICARDO LEWANDOWSKI (PRESIDENTE), CONCEDEU, EM PARTE, A ORDEM DE HABEAS CORPUS PARA DETERMINAR AO JUÍZO DA VARA DE EXECUÇÕES PENAIS QUE PROCEDA AO NOVO CÁLCULO DA PENA DOS PACIENTES, DEVENDO CONSIDERAR COMO CIRCUNSTÂNCIAS NEGATIVAS, NA PRIMEIRA FASE DA DOSIMETRIA, TÃO SOMENTE A CULPABILIDADE E AS CONSEQÜÊNCIAS DO CRIME, VENCIDOS OS MINISTROS LUIZ FUX E CÁRMEN LÚCIA, QUE DENEGAVAM A ORDEM. O TRIBUNAL SE PRONUNCIOU NO SENTIDO DA POSSIBILIDADE DE REVER A TESE FIRMADA NO RE 591.054, E, NESSE SENTIDO, O MINISTÉRIO PÚBLICO FEDERAL ENVIDARÁ ESFORÇOS PARA IDENTIFICAR UM CASO PARA SUBMETER AO PLENÁRIO OPORTUNAMENTE. AUSENTE, JUSTIFICADAMENTE, O MINISTRO CELSO DE MELLO. PLENÁRIO, 24.06.2015.",0,0,0,1,1,1,1,-1,-1,1,1,1,0,1,0,0,0,0,0,0,0
HC 123228,2015-06-24,Sim,,11,0,Principal," O TRIBUNAL, POR UNANIMIDADE E NOS TERMOS DO VOTO DA RELATORA, DENEGOU A ORDEM. FALOU, PELOS PACIENTES, O DR. GUSTAVO DE ALMEIDA RIBEIRO, DEFENSOR PÚBLICO FEDERAL. AUSENTES, JUSTIFICADAMENTE, O MINISTRO CELSO DE MELLO E, NESTE JULGAMENTO, O MINISTRO DIAS TOFFOLI. PRESIDIU O JULGAMENTO O MINISTRO RICARDO LEWANDOWSKI. PLENÁRIO, 24.06.2015.",0,0,0,1,1,1,1,1,1,1,1,1,1,1,0,0,0,0,0,0,0
HC 125768,2015-06-24,Sim,| Múltiplas decisões: UNANIMIDADE,11,0,Principal,"O TRIBUNAL, POR UNANIMIDADE, CONCEDEU A ORDEM DE HABEAS CORPUS PARA DETERMINAR AO SUPERIOR TRIBUNAL MILITAR QUE DÊ REGULAR PROCESSAMENTO AOS EMBARGOS INFRINGENTES INTERPOSTOS PELO PACIENTE NOS AUTOS 14-05.2012.7.02.0102-DF. E, TAMBÉM POR UNANIMIDADE, O TRIBUNAL DECLAROU INCIDENTALMENTE A INCONSTITUCIONALIDADE DO ART. 119, § 1º, DO REGIMENTO INTERNO DO SUPERIOR TRIBUNAL MILITAR, NA REDAÇÃO DADA PELA EMENDA REGIMENTAL Nº 24, DE 28 DE MAIO DE 2014, PUBLICADA NO DIÁRIO DA JUSTIÇA ELETRÔNICO DE 10 DE JUNHO DE 2014, PARA AFASTAR A EXIGÊNCIA DE NO MÍNIMO QUATRO VOTOS MINORITÁRIOS DIVERGENTES PARA O CABIMENTO DOS EMBARGOS INFRINGENTES E DE NULIDADE INTERPOSTOS CONTRA DECISÃO NÃO UNÂNIME DAQUELA CORTE EM RECURSO EM SENTIDO ESTRITO E EM APELAÇÃO. TUDO NOS TERMOS DO VOTO DO RELATOR. FALOU, PELO PACIENTE, O DR. HAMAN TABOSA DE MORAES E CÓRDOVA, DEFENSOR PÚBLICO-GERAL FEDERAL. AUSENTE, NESTE JULGAMENTO, O MINISTRO CELSO DE MELLO. PRESIDIU O JULGAMENTO O MINISTRO RICARDO LEWANDOWSKI. PLENÁRIO, 24.06.2015.",0,0,0,1,1,1,1,1,1,1,1,1,1,1,0,0,0,0,0,0,0
HC 94680,2015-06-24,Não,,8,2,Principal," O TRIBUNAL, POR MAIORIA E NOS TERMOS DO VOTO ORA REAJUSTADO DO RELATOR, MINISTRO RICARDO LEWANDOWSKI (PRESIDENTE), CONCEDEU A ORDEM DE HABEAS CORPUS PARA QUE O JUÍZO DA EXECUÇÃO APRESENTE FUNDAMENTAÇÃO JURÍDICA ADEQUADA, EXIMINDO-SE DE VALORAR, SOB QUALQUER PRETEXTO, REGISTROS CRIMINAIS SEM TRÂNSITO EM JULGADO, VENCIDOS OS MINISTROS LUIZ FUX E CÁRMEN LÚCIA, QUE DENEGAVAM A ORDEM. O TRIBUNAL SE PRONUNCIOU NO SENTIDO DA POSSIBILIDADE DE REVER A TESE FIRMADA NO RE 591.054, E, NESSE SENTIDO, O MINISTÉRIO PÚBLICO FEDERAL ENVIDARÁ ESFORÇOS PARA IDENTIFICAR UM CASO PARA SUBMETER AO PLENÁRIO OPORTUNAMENTE. AUSENTE, JUSTIFICADAMENTE, O MINISTRO CELSO DE MELLO. PLENÁRIO, 24.06.2015.",0,0,0,1,1,1,1,-1,-1,1,1,1,0,1,0,0,0,0,0,0,0
HC 127286 AgR,2015-04-09,Não,,9,1,AgR,"O TRIBUNAL, POR MAIORIA E NOS TERMOS DO VOTO DO RELATOR, NEGOU PROVIMENTO AO AGRAVO REGIMENTAL, VENCIDO O MINISTRO MARCO AURÉLIO. AUSENTES, JUSTIFICADAMENTE, O MINISTRO CELSO DE MELLO; PARTICIPANDO DO 3º SEMINÁRIO LUSO-BRASILEIRO, EM PORTUGAL, O MINISTRO GILMAR MENDES, E, NESTE JULGAMENTO, O MINISTRO ROBERTO BARROSO. PRESIDIU O JULGAMENTO O MINISTRO RICARDO LEWANDOWSKI. PLENÁRIO, 09.04.2015.",0,0,0,1,1,0,1,1,1,1,1,-1,1,1,0,0,0,0,0,0,0
HC 120017 EDv-AgR,2015-03-26,Sim,,10,0,AgR,"O TRIBUNAL, POR UNANIMIDADE E NOS TERMOS DO VOTO DO RELATOR, NEGOU PROVIMENTO AO AGRAVO REGIMENTAL. AUSENTES, JUSTIFICADAMENTE, O MINISTRO RICARDO LEWANDOWSKI (PRESIDENTE), EM VIAGEM OFICIAL À REPÚBLICA POPULAR DA CHINA, PARA PARTICIPAR DO FÓRUM DE JUSTIÇA DO BRICS (BLOCO DE PAÍSES COMPOSTO POR BRASIL, RÚSSIA, ÍNDIA, CHINA E ÁFRICA DO SUL), E DE OUTROS EVENTOS, E, NESTE JULGAMENTO, OS MINISTROS MARCO AURÉLIO E GILMAR MENDES. PRESIDIU O JULGAMENTO A MINISTRA CÁRMEN LÚCIA (VICE-PRESIDENTE). PLENÁRIO, 26.03.2015.",0,0,0,1,1,0,1,1,1,1,1,1,1,1,0,0,0,0,0,0,0
HC 84548,2015-03-04,Não,"| Dissidência por Extensão:  |  EXTENSÃO |Conferir voto do Relator: MARCO AURÉLIO | ATENÇÃO, votação com sucessão de ministros",6,4,Principal," O TRIBUNAL, POR MAIORIA, CONCEDEU EM PARTE A ORDEM APENAS PARA REVOGAR O DECRETO DE PRISÃO PREVENTIVA, VENCIDOS PARCIALMENTE OS MINISTROS CEZAR PELUSO, CÁRMEN LÚCIA E AYRES BRITTO, QUE DENEGAVAM A ORDEM, E O MINISTRO MARCO AURÉLIO (RELATOR), QUE A IMPLEMENTAVA EM MAIOR EXTENSÃO. NÃO VOTARAM OS MINISTROS ROBERTO BARROSO, TEORI ZAVASCKI E DIAS TOFFOLI POR SUCEDEREM, RESPECTIVAMENTE, AOS MINISTROS AYRES BRITTO, CEZAR PELUSO E SEPÚLVEDA PERTENCE. REDIGIRÁ O ACÓRDÃO O MINISTRO GILMAR MENDES. AUSENTES, NESTA ASSENTADA, OS MINISTROS GILMAR MENDES E LUIZ FUX, QUE PROFERIRAM VOTO EM ASSENTADAS ANTERIORES. PRESIDIU O JULGAMENTO O MINISTRO RICARDO LEWANDOWSKI. PLENÁRIO, 04.03.2015.",0,0,0,0,0,0,1,-1,1,1,1,-1,1,0,0,-1,-1,0,0,0,1
HC 126022 AgR,2015-02-26,Não,,9,1,AgR,"O TRIBUNAL, POR MAIORIA E NOS TERMOS DO VOTO DO RELATOR, MINISTRO RICARDO LEWANDOWSKI (PRESIDENTE), NEGOU PROVIMENTO AO AGRAVO REGIMENTAL, VENCIDO O MINISTRO MARCO AURÉLIO, QUE O PROVIA. AUSENTES, JUSTIFICADAMENTE, O MINISTRO DIAS TOFFOLI, PARTICIPANDO DO CONGRESSO INTERNACIONAL “DIÁLOGOS JUDICIALES EN EL SISTEMA INTERAMERICANO DE GARANTÍA DE LOS DERECHOS HUMANOS”, REALIZADO EM BARCELONA, ESPANHA, E, NESTE JULGAMENTO, OS MINISTROS GILMAR MENDES E LUIZ FUX. PLENÁRIO, 26.02.2015.",0,0,0,1,1,0,1,1,1,1,1,-1,1,1,0,0,0,0,0,0,0
HC 122694,2014-12-10,Não,,8,1,Principal,"O TRIBUNAL, POR MAIORIA E NOS TERMOS DO VOTO DO RELATOR, DENEGOU A ORDEM, VENCIDO O MINISTRO MARCO AURÉLIO. AUSENTE, JUSTIFICADAMENTE, O MINISTRO LUIZ FUX. FALARAM, PELO PACIENTE, O DR. GUSTAVO DE ALMEIDA RIBEIRO, DEFENSOR PÚBLICO FEDERAL, E, PELO MINISTÉRIO PÚBLICO FEDERAL, A DRA. ELA WIECKO VOLKMER DE CASTILHO, VICE-PROCURADORA-GERAL DA REPÚBLICA. PRESIDIU O JULGAMENTO O MINISTRO RICARDO LEWANDOWSKI. PLENÁRIO, 10.12.2014.",0,0,0,1,1,0,1,1,0,1,1,-1,1,1,0,0,0,0,0,0,0
HC 110197 AgR,2014-11-19,Sim,,9,0,AgR,"O TRIBUNAL, POR UNANIMIDADE E NOS TERMOS DO VOTO DO RELATOR, NEGOU PROVIMENTO AO AGRAVO REGIMENTAL. AUSENTE, JUSTIFICADAMENTE, O MINISTRO MARCO AURÉLIO. PRESIDIU O JULGAMENTO O MINISTRO RICARDO LEWANDOWSKI. PLENÁRIO, 19.11.2014.",0,0,0,1,1,0,1,1,1,1,1,0,1,1,0,0,0,0,0,0,0
HC 103803,2014-07-01,Sim,,11,0,Principal," O TRIBUNAL, POR UNANIMIDADE E NOS TERMOS DO VOTO DO RELATOR, DECLAROU INCIDENTER TANTUM A INCONSTITUCIONALIDADE DA EXPRESSÃO “OS AGENTES PÚBLICOS A ELE EQUIPARADOS”, CONTIDA NO ART. 77, X, “A”, DA CONSTITUIÇÃO DO ESTADO DE RORAIMA, E DENEGOU A ORDEM DE HABEAS CORPUS, PREJUDICADO O AGRAVO REGIMENTAL. VOTOU O PRESIDENTE. AUSENTES, JUSTIFICADAMENTE, O MINISTRO CELSO DE MELLO E, NESTE JULGAMENTO, OS MINISTROS JOAQUIM BARBOSA (PRESIDENTE) E DIAS TOFFOLI. FALARAM, PELO PACIENTE, O DR. PEDRO XAVIER COELHO SOBRINHO E, PELO MINISTÉRIO PÚBLICO FEDERAL, A DRA. ELA WIECKO VOLKMAR DE CASTILHO, VICE-PROCURADORA-GERAL DA REPÚBLICA. PRESIDIU O JULGAMENTO O MINISTRO RICARDO LEWANDOWSKI (VICE-PRESIDENTE). PLENÁRIO, 01.07.2014.",0,0,0,1,1,0,1,1,1,1,1,1,1,1,1,0,0,0,0,0,0
HC 113198,2014-05-22,Sim,,11,0,Principal," O TRIBUNAL, POR UNANIMIDADE E NOS TERMOS DO VOTO DO RELATOR, RESOLVEU A QUESTÃO DE ORDEM NO SENTIDO DA PREJUDICIALIDADE. VOTOU O PRESIDENTE, MINISTRO JOAQUIM BARBOSA. AUSENTES, NESTE JULGAMENTO, OS MINISTROS MARCO AURÉLIO, LUIZ FUX E ROBERTO BARROSO, QUE PROFERIU VOTO EM ASSENTADA ANTERIOR PELO NÃO CONHECIMENTO DO HABEAS CORPUS. PLENÁRIO, 22.05.2014.",0,0,0,1,1,0,1,1,1,1,1,1,1,1,1,0,0,0,0,0,0
HC 117091,2014-05-22,Não,Conferir voto do Relator: MARCO AURÉLIO,9,2,Principal,"O TRIBUNAL, POR MAIORIA, NÃO CONHECEU DO HABEAS CORPUS, VENCIDOS OS MINISTROS MARCO AURÉLIO (RELATOR) E RICARDO LEWANDOWSKI. REDIGIRÁ O ACÓRDÃO O MINISTRO ROBERTO BARROSO. AUSENTES, NESTE JULGAMENTO, OS MINISTROS JOAQUIM BARBOSA (PRESIDENTE), DIAS TOFFOLI E TEORI ZAVASCKI. PRESIDIU O JULGAMENTO O MINISTRO RICARDO LEWANDOWSKI (VICE-PRESIDENTE). PLENÁRIO, 22.05.2014.",0,0,0,1,1,0,1,1,1,-1,1,-1,1,1,1,0,0,0,0,0,0
HC 119567,2014-05-22,Não,,6,5,Principal,"O TRIBUNAL, POR MAIORIA, INDEFERIU O HABEAS CORPUS E ENTENDEU RECEBIDA PELA CONSTITUIÇÃO DE 1988 A ALÍNEA “A” DO INCISO II DO ART. 88 DO CÓDIGO PENAL MILITAR E A ALÍNEA “A” DO INCISO II DO ART. 617 DO CÓDIGO PROCESSO PENAL MILITAR, VENCIDOS OS MINISTROS DIAS TOFFOLI (RELATOR), ROSA WEBER, GILMAR MENDES, CELSO DE MELLO E JOAQUIM BARBOSA (PRESIDENTE). CASSADA A LIMINAR CONCEDIDA. REDIGIRÁ O ACÓRDÃO O MINISTRO ROBERTO BARROSO. FALOU PELO PACIENTE O DR. ANTÔNIO EZEQUIEL INÁCIO BARBOSA, DEFENSOR PÚBLICO FEDERAL. PLENÁRIO, 22.05.2014.",0,0,0,-1,1,0,-1,1,1,1,-1,1,-1,1,-1,0,0,0,0,0,0
HC 119884 AgR,2014-04-30,Sim,,11,0,AgR,"O TRIBUNAL, POR UNANIMIDADE E NOS TERMOS DO VOTO DO RELATOR, MINISTRO JOAQUIM BARBOSA (PRESIDENTE), NEGOU PROVIMENTO AO AGRAVO REGIMENTAL. AUSENTES, JUSTIFICADAMENTE, O MINISTRO CELSO DE MELLO, O MINISTRO RICARDO LEWANDOWSKI, PARA PROFERIR CONFERÊNCIA E RECEBER HOMENAGEM NO XVII CONGRESSO NACIONAL DOS MAGISTRADOS DA JUSTIÇA DO TRABALHO - CONAMAT, EM GRAMADO, RIO GRANDE DO SUL, E A MINISTRA CÁRMEN LÚCIA, EM RAZÃO DOS PREPARATIVOS PARA O ENCONTRO DA COMISSÃO DE VENEZA, QUE OCORRERÁ NOS DIAS 5 E 6 DE MAIO EM OURO PRETO, MINAS GERAIS. AUSENTES, NESTE JULGAMENTO, OS MINISTROS MARCO AURÉLIO E ROBERTO BARROSO. PLENÁRIO, 30.04.2014.",0,0,0,1,1,0,1,1,1,1,1,1,1,1,1,0,0,0,0,0,0
HC 109430 AgR,2014-04-10,Não,,10,1,AgR,"O TRIBUNAL, POR MAIORIA, VENCIDO O MINISTRO MARCO AURÉLIO, NEGOU PROVIMENTO AO AGRAVO REGIMENTAL, NOS TERMOS DO VOTO DO RELATOR. AUSENTES, NESTE JULGAMENTO, OS MINISTROS JOAQUIM BARBOSA (PRESIDENTE), RICARDO LEWANDOWSKI (VICE-PRESIDENTE) E ROBERTO BARROSO. PRESIDIU O JULGAMENTO O MINISTRO CELSO DE MELLO (ART. 37, I, DO RISTF). PLENÁRIO, 10.04.2014.",0,0,0,1,1,0,1,1,1,1,1,-1,1,1,1,0,0,0,0,0,0
HC 112776,2013-12-19,Não,| Dissidência por Extensão:  |  EXTENSÃO |,6,4,Principal," O TRIBUNAL, POR MAIORIA, CONCEDEU EM PARTE A ORDEM PARA DETERMINAR AO JUÍZO COMPETENTE QUE PROCEDA À NOVA FIXAÇÃO DA PENA IMPOSTA AO PACIENTE (SEM BIS IN IDEM QUANTO À NATUREZA E A QUANTIDADE DA DROGA) E FIXE O REGIME PRISIONAL, À LUZ DO ART. 33 DO CÓDIGO PENAL, NOS TERMOS DO VOTO DO RELATOR, VENCIDOS, PARCIALMENTE, OS MINISTROS LUIZ FUX, ROSA WEBER, DIAS TOFFOLI E MARCO AURÉLIO, QUE CONCEDIAM A ORDEM EM MENOR EXTENSÃO. VOTOU O PRESIDENTE, MINISTRO JOAQUIM BARBOSA. O TRIBUNAL AUTORIZOU OS MINISTROS A DECIDIREM MONOCRATICAMENTE AS QUESTÕES IDÊNTICAS. AUSENTE, JUSTIFICADAMENTE, O MINISTRO CELSO DE MELLO. FALARAM, PELA DEFENSORIA PÚBLICA DA UNIÃO, O DR. GUSTAVO DE ALMEIDA RIBEIRO, DEFENSOR PÚBLICO, E, PELO MINISTÉRIO PÚBLICO FEDERAL, O DR. RODRIGO JANOT MONTEIRO DE BARROS, PROCURADOR-GERAL DA REPÚBLICA. PLENÁRIO, 19.12.2013.",0,0,0,-1,1,0,1,1,-1,1,-1,-1,0,1,1,0,0,0,0,0,0
HC 109193,2013-12-19,Sim,,10,0,Principal," O TRIBUNAL, POR UNANIMIDADE E NOS TERMOS DO VOTO DO RELATOR, DENEGOU A ORDEM. VOTOU O PRESIDENTE, MINISTRO JOAQUIM BARBOSA. AUSENTE, JUSTIFICADAMENTE, O MINISTRO CELSO DE MELLO. FALARAM, PELA DEFENSORIA PÚBLICA DA UNIÃO, O DR. GUSTAVO DE ALMEIDA RIBEIRO, DEFENSOR PÚBLICO, E, PELO MINISTÉRIO PÚBLICO FEDERAL, O DR. RODRIGO JANOT MONTEIRO DE BARROS, PROCURADOR-GERAL DA REPÚBLICA. PLENÁRIO, 19.12.2013.",0,0,0,1,1,0,1,1,1,1,1,1,0,1,1,0,0,0,0,0,0
HC 109021 AgR,2013-12-18,Sim,,7,0,AgR,"O TRIBUNAL, POR UNANIMIDADE E NOS TERMOS DO VOTO DO RELATOR, NEGOU PROVIMENTO AO AGRAVO REGIMENTAL. IMPEDIDO O MINISTRO RICARDO LEWANDOWSKI (VICE-PRESIDENTE). PRESIDIU O JULGAMENTO O MINISTRO CELSO DE MELLO (ART. 37, I, DO RISTF). AUSENTES, OCASIONALMENTE, OS MINISTROS JOAQUIM BARBOSA (PRESIDENTE), MARCO AURÉLIO E GILMAR MENDES. PLENÁRIO, 18.12.2013.",0,0,0,1,1,0,0,1,1,0,1,0,1,1,0,0,0,0,0,0,0
HC 113857,2013-12-05,Não," | ATENÇÃO, Empate identificado | Empate Identificado",5,5,Principal," COLHIDOS OS VOTOS DOS MINISTROS TEORI ZAVASCKI, ROBERTO BARROSO E RICARDO LEWANDOWSKI, QUE DENEGAVAM A ORDEM, ACOMPANHANDO OS VOTOS DOS MINISTROS LUIZ FUX E MARCO AURÉLIO, PROFERIDOS EM ASSENTADA ANTERIOR, E OS VOTOS DOS MINISTROS ROSA WEBER, GILMAR MENDES, CELSO DE MELLO E JOAQUIM BARBOSA (PRESIDENTE), PELA CONCESSÃO DA ORDEM, ACOMPANHANDO O MINISTRO DIAS TOFFOLI (RELATOR), VERIFICADO O EMPATE NA VOTAÇÃO, O TRIBUNAL CONCEDEU A ORDEM, COM BASE NO ART. 146, PARÁGRAFO ÚNICO DO RISTF, SEM PRONUNCIAMENTO QUANTO À RECEPÇÃO OU NÃO DO ART. 88, II, ALÍNEA “A”, DO CÓDIGO PENAL MILITAR, E DO ART. 617, II, ALÍNEA “A”, DO CÓDIGO DE PROCESSO PENAL MILITAR. AUSENTE A MINISTRA CÁRMEN LÚCIA, REPRESENTANDO O SUPREMO TRIBUNAL FEDERAL NA REUNIÃO DO CONSELHO CIENTÍFICO E NA 97ª SESSÃO PLENÁRIA DA COMISSÃO DE VENEZA, NA CIDADE DE VENEZA, ITÁLIA. PLENÁRIO, 5.12.2013.",0,0,0,1,-1,0,1,0,-1,-1,1,-1,1,-1,1,0,0,0,0,0,0
HC 118459 AgR,2013-10-24,Sim,,10,0,AgR,"O TRIBUNAL, POR UNANIMIDADE E NOS TERMOS DO VOTO DO RELATOR, NEGOU PROVIMENTO AO AGRAVO REGIMENTAL. IMPEDIDO O MINISTRO MARCO AURÉLIO. AUSENTES, JUSTIFICADAMENTE, O MINISTRO CELSO DE MELLO, A MINISTRA CÁRMEN LÚCIA, EM VIAGEM OFICIAL PARA PARTICIPAR DO PROGRAMA DEL VI OBSERVATORIO JUDICIAL ELECTORAL E DO CONGRESSO INTERNACIONAL DE DERECHO ELECTORAL, PROMOVIDOS PELA COMISSÃO DE VENEZA, NA CIDADE DO MÉXICO, O MINISTRO DIAS TOFFOLI E, NESTE JULGAMENTO, O MINISTRO GILMAR MENDES. PRESIDIU O JULGAMENTO O MINISTRO JOAQUIM BARBOSA. PLENÁRIO, 24.10.2013.",0,0,0,1,1,0,1,1,1,1,1,0,1,1,1,0,0,0,0,0,0
HC 118037 AgR,2013-10-24,Não,,9,1,AgR,"O TRIBUNAL, POR MAIORIA E NOS TERMOS DO VOTO DO RELATOR, NEGOU PROVIMENTO AO AGRAVO REGIMENTAL, VENCIDO O MINISTRO MARCO AURÉLIO, QUE LHE DAVA PROVIMENTO. IMPEDIDO O MINISTRO LUIZ FUX. AUSENTES, JUSTIFICADAMENTE, O MINISTRO CELSO DE MELLO, A MINISTRA CÁRMEN LÚCIA, EM VIAGEM OFICIAL PARA PARTICIPAR DO PROGRAMA DEL VI OBSERVATORIO JUDICIAL ELECTORAL E DO CONGRESSO INTERNACIONAL DE DERECHO ELECTORAL, PROMOVIDOS PELA COMISSÃO DE VENEZA, NA CIDADE DO MÉXICO, O MINISTRO DIAS TOFFOLI E, NESTE JULGAMENTO, O MINISTRO GILMAR MENDES. PRESIDIU O JULGAMENTO O MINISTRO JOAQUIM BARBOSA. PLENÁRIO, 24.10.2013.",0,0,0,1,1,0,1,1,0,1,1,-1,1,1,1,0,0,0,0,0,0
HC 115774 AgR,2013-10-24,Sim,,11,0,AgR,"O TRIBUNAL, POR UNANIMIDADE E NOS TERMOS DO VOTO DO RELATOR, NEGOU PROVIMENTO AO AGRAVO REGIMENTAL. AUSENTES, JUSTIFICADAMENTE, O MINISTRO CELSO DE MELLO, A MINISTRA CÁRMEN LÚCIA, EM VIAGEM OFICIAL PARA PARTICIPAR DO PROGRAMA DEL VI OBSERVATORIO JUDICIAL ELECTORAL E DO CONGRESSO INTERNACIONAL DE DERECHO ELECTORAL, PROMOVIDOS PELA COMISSÃO DE VENEZA, NA CIDADE DO MÉXICO, O MINISTRO DIAS TOFFOLI E, NESTE JULGAMENTO, O MINISTRO RICARDO LEWANDOWSKI. PRESIDIU O JULGAMENTO O MINISTRO JOAQUIM BARBOSA. PLENÁRIO, 24.10.2013.",0,0,0,1,1,0,1,1,1,1,1,1,1,1,1,0,0,0,0,0,0
HC 115468 AgR-AgR,2013-10-24,Não,,7,1,AgR,"O TRIBUNAL, NOS TERMOS DO VOTO DO RELATOR, MINISTRO JOAQUIM BARBOSA (PRESIDENTE), NÃO CONHECEU DO AGRAVO REGIMENTAL, VENCIDO O MINISTRO MARCO AURÉLIO QUANTO AO CABIMENTO. AUSENTES, JUSTIFICADAMENTE, O MINISTRO CELSO DE MELLO, A MINISTRA CÁRMEN LÚCIA, EM VIAGEM OFICIAL PARA PARTICIPAR DO PROGRAMA DEL VI OBSERVATORIO JUDICIAL ELECTORAL E DO CONGRESSO INTERNACIONAL DE DERECHO ELECTORAL, PROMOVIDOS PELA COMISSÃO DE VENEZA, NA CIDADE DO MÉXICO, E O MINISTRO DIAS TOFFOLI. PLENÁRIO, 24.10.2013.",0,0,0,0,1,0,1,0,1,1,1,-1,0,1,1,0,0,0,0,0,0
HC 105674,2013-10-17,Sim,,8,0,Principal,"O TRIBUNAL, POR UNANIMIDADE E NOS TERMOS DO VOTO DO RELATOR, DENEGOU A ORDEM. VOTOU O PRESIDENTE, MINISTRO JOAQUIM BARBOSA. AUSENTES, JUSTIFICADAMENTE, OS MINISTROS CELSO DE MELLO, CÁRMEN LÚCIA E LUIZ FUX. PLENÁRIO, 17.10.2013.",0,0,0,1,1,0,1,0,0,1,1,1,0,1,1,0,0,0,0,0,0
HC 119056 QO,2013-10-03,Sim,,10,0,QO,"O TRIBUNAL, POR UNANIMIDADE E NOS TERMOS DO VOTO DA RELATORA, RESOLVEU A QUESTÃO DE ORDEM NO SENTIDO DA INCOMPETÊNCIA DO SUPREMO TRIBUNAL FEDERAL PARA PROCESSAR E JULGAR O HABEAS CORPUS E DETERMINOU A REMESSA DOS AUTOS A UMA DAS VARAS FEDERAIS DA SEÇÃO JUDICIÁRIA DO DISTRITO FEDERAL. VOTOU O PRESIDENTE, MINISTRO JOAQUIM BARBOSA. AUSENTE, JUSTIFICADAMENTE, O MINISTRO DIAS TOFFOLI, PARTICIPANTE DA “V CONFERÊNCIA IBEROAMERICANA SOBRE JUSTICIA ELECTORAL”, EM SANTO DOMINGO, REPÚBLICA DOMINICANA. PLENÁRIO, 03.10.2013.",0,0,0,0,1,0,1,1,1,1,1,1,1,1,1,0,0,0,0,0,0
HC 116659,2013-09-19,Sim,,9,0,Principal,"O TRIBUNAL, POR UNANIMIDADE E NOS TERMOS DO VOTO DO RELATOR, JULGOU PREJUDICADO O PEDIDO. AUSENTES, JUSTIFICADAMENTE, OS MINISTROS CELSO DE MELLO E GILMAR MENDES. PLENÁRIO, 19.09.2013.",0,0,0,1,1,0,0,1,1,1,1,1,0,1,1,0,0,0,0,0,0
HC 112982,2013-09-19,Sim,,8,0,Principal,"O TRIBUNAL, POR UNANIMIDADE E NOS TERMOS DO VOTO DO RELATOR, JULGOU PREJUDICADO O PEDIDO. IMPEDIDA A MINISTRA CÁRMEN LÚCIA. AUSENTES, JUSTIFICADAMENTE, OS MINISTROS CELSO DE MELLO E GILMAR MENDES. PLENÁRIO, 19.09.2013.",0,0,0,1,1,0,0,0,1,1,1,1,0,1,1,0,0,0,0,0,0
HC 94869,2013-06-26,Sim,,10,0,Principal," O TRIBUNAL, POR UNANIMIDADE E NOS TERMOS DO VOTO DO RELATOR, DECLAROU EXTINTA A PUNIBILIDADE DO PACIENTE PELA PRESCRIÇÃO DA PRETENSÃO PUNITIVA. VOTOU O PRESIDENTE, MINISTRO JOAQUIM BARBOSA. AUSENTE, JUSTIFICADAMENTE, O MINISTRO CELSO DE MELLO. PLENÁRIO, 26.06.2013.",0,0,0,1,1,0,1,1,1,1,1,1,0,1,1,0,0,0,0,0,0
HC 114127,2013-06-06,Sim,,10,0,Principal,"O TRIBUNAL, POR UNANIMIDADE E NOS TERMOS DO VOTO DO RELATOR, JULGOU PREJUDICADO O PEDIDO DE HABEAS CORPUS. AUSENTES, JUSTIFICADAMENTE, OS MINISTROS DIAS TOFFOLI, LUIZ FUX E, NESTE JULGAMENTO, O MINISTRO RICARDO LEWANDOWSKI. PRESIDIU O JULGAMENTO O MINISTRO JOAQUIM BARBOSA. PLENÁRIO, 06.06.2013.",0,0,0,1,0,0,1,1,1,1,1,1,1,1,1,0,0,0,0,0,0
HC 113204 AgR-ED,2013-05-16,Sim,,10,0,AgR,"O TRIBUNAL, POR UNANIMIDADE E NOS TERMOS DO VOTO DO RELATOR, REJEITOU OS EMBARGOS DE DECLARAÇÃO. AUSENTES, NESTE JULGAMENTO, OS MINISTROS JOAQUIM BARBOSA (PRESIDENTE), CELSO DE MELLO E GILMAR MENDES. PRESIDIU O JULGAMENTO O MINISTRO RICARDO LEWANDOWSKI (VICE-PRESIDENTE). PLENÁRIO, 16.05.2013.",0,0,0,1,0,0,1,1,1,1,1,1,1,1,1,0,0,0,0,0,0
HC 104098,2013-05-16,Sim,,10,0,Principal,"O TRIBUNAL, POR UNANIMIDADE E NOS TERMOS DO VOTO DO RELATOR, JULGOU PREJUDICADO O PEDIDO. AUSENTES, NESTE JULGAMENTO, OS MINISTROS JOAQUIM BARBOSA (PRESIDENTE), CELSO DE MELLO E GILMAR MENDES. PRESIDIU O JULGAMENTO O MINISTRO RICARDO LEWANDOWSKI (VICE-PRESIDENTE). PLENÁRIO, 16.05.2013.",0,0,0,1,0,0,1,1,1,1,1,1,1,1,1,0,0,0,0,0,0
HC 97009,2013-04-25,Não,Conferir voto do Relator: MARCO AURÉLIO,7,2,Principal,"O TRIBUNAL, POR MAIORIA, NÃO CONHECEU DA AÇÃO DE HABEAS CORPUS, VENCIDOS OS MINISTROS MARCO AURÉLIO (RELATOR) E DIAS TOFFOLI. VOTOU O PRESIDENTE. REDIGIRÁ O ACÓRDÃO O MINISTRO TEORI ZAVASCKI. IMPEDIDO O MINISTRO RICARDO LEWANDOWSKI. DECLAROU SUSPEIÇÃO A MINISTRA CÁRMEN LÚCIA. AUSENTES O MINISTRO JOAQUIM BARBOSA (PRESIDENTE), POR PARTICIPAÇÃO NO EVENTO TIME 100 GALA, ORGANIZADO PELA TIME MAGAZINE, E EM SEMINÁRIO PROMOVIDO PELA UNIVERSIDADE DE PRINCETON, AMBOS NOS ESTADOS UNIDOS, E, NESTE JULGAMENTO, OS MINISTROS RICARDO LEWANDOWSKI E CÁRMEN LÚCIA. PRESIDIU O JULGAMENTO O MINISTRO CELSO DE MELLO (ART. 37, I, DO RISTF). PLENÁRIO, 25.04.2013.",0,0,0,-1,0,0,1,1,1,0,1,-1,1,1,1,0,0,0,0,0,0
HC 93815,2013-04-04,Sim,Múltiplas decisões |,8,0,Principal," O TRIBUNAL, POR UNANIMIDADE E NOS TERMOS DO VOTO DO RELATOR, INDEFERIU A ORDEM. AUTORIZADOS OS MINISTROS A DECIDIREM MONOCRATICAMENTE CASOS IDÊNTICOS, VENCIDO, NO PONTO, O MINISTRO MARCO AURÉLIO. VOTOU O PRESIDENTE, MINISTRO JOAQUIM BARBOSA. AUSENTES, JUSTIFICADAMENTE, OS MINISTROS CELSO DE MELLO E TEORI ZAVASCKI. PLENÁRIO, 04.04.2013.",0,0,0,1,0,0,1,1,1,1,1,1,0,0,1,0,0,0,0,0,0
HC 92932,2013-03-07,Não," | ATENÇÃO, votação com sucessão de ministros",9,1,Principal," O TRIBUNAL, POR MAIORIA, DENEGOU A ORDEM, NOS TERMOS DO VOTO DO RELATOR, VENCIDO O MINISTRO MARCO AURÉLIO, QUE A CONCEDIA DE OFÍCIO. VOTOU O PRESIDENTE, MINISTRO JOAQUIM BARBOSA. NÃO PARTICIPARAM DA VOTAÇÃO OS MINISTROS LUIZ FUX E DIAS TOFFOLI POR SUCEDEREM, RESPECTIVAMENTE, AOS MINISTROS EROS GRAU E MENEZES DIREITO, AMBOS COM VOTOS EM ASSENTADA ANTERIOR. AUSENTES O SENHOR MINISTRO GILMAR MENDES, EM VIAGEM OFICIAL PARA PARTICIPAR DA 94ª SESSÃO PLENÁRIA DA COMISSÃO EUROPÉIA PARA A DEMOCRACIA PELO DIREITO, EM VENEZA, ITÁLIA, E, NESTE JULGAMENTO, O MINISTRO CELSO DE MELLO. PLENÁRIO, 07.03.2013.",0,0,0,0,0,0,1,1,0,1,1,-1,1,1,1,0,0,0,1,1,0
HC 100172,2013-02-21,Não,,8,1,Principal,"O TRIBUNAL, POR MAIORIA E NOS TERMOS DO VOTO DO RELATOR, CONHECEU EM PARTE DO HABEAS CORPUS E NA PARTE CONHECIDA DENEGOU A ORDEM, VENCIDO O MINISTRO MARCO AURÉLIO. VOTOU O PRESIDENTE, MINISTRO JOAQUIM BARBOSA. IMPEDIDO O MINISTRO LUIZ FUX. FALARAM, PELO PACIENTE, O DR. LUIZ GUILHERME MOREIRA PORTO E, PELO MINISTÉRIO PÚBLICO FEDERAL, O DR. ROBERTO MONTEIRO GURGEL SANTOS, PROCURADOR-GERAL DA REPÚBLICA. PLENÁRIO, 21.02.2013.",0,0,0,1,0,0,1,1,0,1,1,-1,1,1,1,0,0,0,0,0,0
HC 101985,2013-02-07,Sim,,9,0,Principal," O TRIBUNAL, POR UNANIMIDADE E NOS TERMOS DO VOTO DO RELATOR, JULGOU PREJUDICADA A IMPETRAÇÃO. VOTOU O PRESIDENTE, MINISTRO JOAQUIM BARBOSA. AUSENTE, JUSTIFICADAMENTE, O MINISTRO CELSO DE MELLO. FALOU PELO PACIENTE A DRA. FERNANDA MENDONÇA FIGUEIREDO. PLENÁRIO, 07.02.2013.",0,0,0,1,0,0,1,1,1,1,1,1,0,1,1,0,0,0,0,0,0
HC 99945 AgR,2013-02-07,Não,| Múltiplas decisões: MAIORIA,8,1,AgR," O TRIBUNAL, POR MAIORIA, REJEITOU A PRELIMINAR DE PREJUDICIALIDADE, VENCIDOS OS MINISTROS TEORI ZAVASCKI, ROSA WEBER, LUIZ FUX E CÁRMEN LÚCIA. NO MÉRITO, POR MAIORIA, O TRIBUNAL NEGOU PROVIMENTO AO AGRAVO REGIMENTAL, VENCIDO O MINISTRO MARCO AURÉLIO (RELATOR). PREJUDICADO O AGRAVO INTERPOSTO POR DAVID GEORGE GOLDMAN. VOTOU O PRESIDENTE, MINISTRO JOAQUIM BARBOSA. REDIGIRÁ O ACÓRDÃO O MINISTRO GILMAR MENDES. AUSENTE, JUSTIFICADAMENTE, O MINISTRO CELSO DE MELLO. PLENÁRIO, 07.02.2013.",0,0,0,1,0,0,1,1,1,1,1,-1,0,1,1,0,0,0,0,0,0
HC 103604,2013-02-07,Sim,,8,0,Principal,"O TRIBUNAL, POR UNANIMIDADE E NOS TERMOS DO VOTO DO RELATOR, DECLAROU PREJUDICADA A IMPETRAÇÃO. VOTOU O PRESIDENTE, O MINISTRO JOAQUIM BARBOSA. IMPEDIDO O MINISTRO DIAS TOFFOLI. AUSENTE, JUSTIFICADAMENTE, O MINISTRO CELSO DE MELLO. PLENÁRIO, 07.02.2013.",0,0,0,0,0,0,1,1,1,1,1,1,0,1,1,0,0,0,0,0,0
HC 102745 AgR,2013-02-06,Sim,,10,0,AgR,"O TRIBUNAL, POR UNANIMIDADE E NOS TERMOS DO VOTO DO RELATOR, NEGOU PROVIMENTO AO AGRAVO REGIMENTAL. AUSENTES, NESTE JULGAMENTO, OS MINISTROS MARCO AURÉLIO E RICARDO LEWANDOWSKI. PRESIDIU O JULGAMENTO O MINISTRO JOAQUIM BARBOSA. PLENÁRIO, 06.02.2013.",0,0,0,1,0,0,1,1,1,1,1,1,1,1,1,0,0,0,0,0,0
HC 111840,2012-06-27,Não,,8,3,Principal," O TRIBUNAL, POR MAIORIA E NOS TERMOS DO VOTO DO RELATOR, DEFERIU A ORDEM E DECLAROU INCIDENTER TANTUM A INCONSTITUCIONALIDADE DO § 1º DO ARTIGO 2º DA LEI Nº 8.072/90 COM A REDAÇÃO DADA PELA LEI Nº 11.464/2007, VENCIDOS OS SENHORES MINISTROS LUIZ FUX, MARCO AURÉLIO E JOAQUIM BARBOSA, QUE A INDEFERIAM. VOTOU O PRESIDENTE, MINISTRO AYRES BRITTO. PLENÁRIO, 27.06.2012.",0,0,0,1,0,0,1,1,-1,1,1,-1,1,0,-1,1,1,0,0,0,0
HC 101284,2012-06-14,Sim,,8,0,Principal," O TRIBUNAL, POR UNANIMIDADE E NOS TERMOS DO VOTO DO RELATOR, JULGOU PREJUDICADA A ORDEM. AUSENTES OS SENHORES MINISTROS AYRES BRITTO (PRESIDENTE) E GILMAR MENDES, EM VIAGEM OFICIAL PARA PARTICIPAREM DA 91ª REUNIÃO PLENÁRIA DA COMISSÃO EUROPEIA PARA A DEMOCRACIA PELO DIREITO, EM VENEZA, ITÁLIA, E, JUSTIFICADAMENTE, O SENHOR MINISTRO CELSO DE MELLO. FALARAM, PELOS PACIENTES, O DR. HAMAN TABOSA DE MORAES E CÓRDOVA, DEFENSOR PÚBLICO-GERAL FEDERAL, E, PELO MINISTÉRIO PÚBLICO FEDERAL, A DRA. DEBORAH MACEDO DUPRAT DE BRITTO PEREIRA, VICE-PROCURADORA-GERAL DA REPÚBLICA. PRESIDIU O JULGAMENTO O SENHOR MINISTRO JOAQUIM BARBOSA (VICE-PRESIDENTE). PLENÁRIO, 14.06.2012.",0,0,0,1,0,0,0,1,1,1,1,1,0,0,1,0,1,0,0,0,0
HC 108261 EI-AgR,2012-03-15,Não,,10,1,AgR,"O TRIBUNAL, POR MAIORIA E NOS TERMOS DO VOTO DO RELATOR, NEGOU PROVIMENTO AO AGRAVO REGIMENTAL, CONTRA O VOTO DO SENHOR MINISTRO MARCO AURÉLIO. VOTOU O PRESIDENTE, MINISTRO CEZAR PELUSO. AUSENTES, JUSTIFICADAMENTE, OS SENHORES MINISTROS CELSO DE MELLO E GILMAR MENDES E, NESTE JULGAMENTO, O SENHOR MINISTRO JOAQUIM BARBOSA. PLENÁRIO, 15.03.2012.",0,0,0,1,0,0,1,1,1,1,1,-1,1,0,1,1,1,0,0,0,0
HC 107325,2012-03-01,Não,Conferir voto do Relator: MARCO AURÉLIOConferir voto do Relator: MARCO AURÉLIO,8,3,Principal,"O TRIBUNAL, POR MAIORIA, NÃO CONHECEU DO HABEAS CORPUS, CONTRA OS VOTOS DOS SENHORES MINISTROS MARCO AURÉLIO (RELATOR), DIAS TOFFOLI E GILMAR MENDES. VOTOU O PRESIDENTE, MINISTRO CEZAR PELUSO. REDIGIRÁ O ACÓRDÃO A SENHORA MINISTRA CÁRMEN LÚCIA. AUSENTES, JUSTIFICADAMENTE, O SENHOR MINISTRO CELSO DE MELLO E, NESTE JULGAMENTO, O SENHOR MINISTRO JOAQUIM BARBOSA. FALARAM, PELO PACIENTE, O DR. LUÍS CARLOS ALCOOFORADO E, PELO MINISTÉRIO PÚBLICO FEDERAL, A VICE-PROCURADORA-GERAL DA REPÚBLICA, DRA. DEBORAH MACEDO DUPRAT DE BRITTO PEREIRA. PLENÁRIO, 01.03.2012.",0,0,0,-1,0,0,-1,1,1,1,1,-1,1,0,1,1,1,0,0,0,0
HC 89965 AgR,2011-12-07,Não,,8,2,AgR,"O TRIBUNAL, POR MAIORIA E NOS TERMOS DO VOTO DO RELATOR, MINISTRO CEZAR PELUSO (PRESIDENTE), NÃO CONHECEU DO AGRAVO REGIMENTAL, CONTRA O VOTO DO SENHOR MINISTRO MARCO AURÉLIO. PLENÁRIO, 07.12.2011.",0,0,0,1,0,0,1,1,1,1,0,-1,1,0,1,1,-1,0,0,0,0
HC 96238 AgR,2011-10-06,Sim,,10,0,AgR,"O TRIBUNAL, POR UNANIMIDADE E NOS TERMOS DO VOTO DO RELATOR, NEGOU PROVIMENTO AO RECURSO DE AGRAVO. AUSENTES, NESTE JULGAMENTO, O SENHOR MINISTRO CELSO DE MELLO E, JUSTIFICADAMENTE, OS SENHORES MINISTROS GILMAR MENDES E JOAQUIM BARBOSA. PRESIDIU O JULGAMENTO O SENHOR MINISTRO CEZAR PELUSO. PLENÁRIO, 06.10.2011.",0,0,0,1,0,0,1,1,1,1,0,1,1,0,1,1,1,0,0,0,0
HC 99743,2011-10-06,Sim,,8,0,Principal,"O TRIBUNAL, POR UNANIMIDADE, DENEGOU A ORDEM, HAVENDO O SENHOR MINISTRO MARCO AURÉLIO (RELATOR) RECONHECIDO A PLENA CONSTITUCIONALIDADE DA LEI. VOTOU O PRESIDENTE, MINISTRO CEZAR PELUSO. REDIGIRÁ O ACÓRDÃO O SENHOR MINISTRO LUIZ FUX. AUSENTES, JUSTIFICADAMENTE, OS SENHORES MINISTROS GILMAR MENDES E JOAQUIM BARBOSA. PLENÁRIO, 06.10.2011.",0,0,0,1,0,0,0,1,1,1,0,1,1,0,0,1,1,0,0,0,0
HC 109604 AgR,2011-09-22,Não,,8,1,AgR,"O TRIBUNAL, POR MAIORIA E NOS TERMOS DO VOTO DO RELATOR, NEGOU PROVIMENTO AO RECURSO DE AGRAVO, CONTRA O VOTO DO SENHOR MINISTRO MARCO AURÉLIO. AUSENTE, JUSTIFICADAMENTE, O SENHOR MINISTRO JOAQUIM BARBOSA. PRESIDIU O JULGAMENTO O SENHOR MINISTRO CEZAR PELUSO. PLENÁRIO, 22.09.2011.",0,0,0,1,0,0,1,1,1,1,0,-1,1,0,0,1,1,0,0,0,0
HC 109133 AgR,2011-09-15,Não,,6,1,AgR,"O TRIBUNAL, POR MAIORIA E NOS TERMOS DO VOTO DO RELATOR, NEGOU PROVIMENTO AO RECURSO DE AGRAVO, CONTRA O VOTO DO SENHOR MINISTRO MARCO AURÉLIO. AUSENTES, JUSTIFICADAMENTE, OS SENHORES MINISTROS CELSO DE MELLO, GILMAR MENDES E JOAQUIM BARBOSA. PRESIDIU O JULGAMENTO O SENHOR MINISTRO CEZAR PELUSO. PLENÁRIO, 15.09.2011.",0,0,0,1,0,0,0,1,1,1,0,-1,0,0,0,1,1,0,0,0,0
HC 105000 ED,2011-05-12,Não,,6,1,ED,"O TRIBUNAL, POR MAIORIA, VENCIDO O SENHOR MINISTRO MARCO AURÉLIO, CONVERTEU O PEDIDO EM AGRAVO REGIMENTAL E A ESTE NEGOU PROVIMENTO, NOS TERMOS DO VOTO DO RELATOR. AUSENTES, EM PARTICIPAÇÃO NO “2011 US-BRAZIL JUDICIAL DIALOGUE”, EM WASHINGTON, NOS ESTADOS UNIDOS DA AMÉRICA, OS SENHORES MINISTROS CEZAR PELUSO (PRESIDENTE), ELLEN GRACIE, GILMAR MENDES E RICARDO LEWANDOWSKI. PRESIDIU O JULGAMENTO O SENHOR MINISTRO AYRES BRITTO (VICE-PRESIDENTE). PLENÁRIO, 12.05.2011.",0,0,0,1,0,0,0,1,1,0,0,-1,1,0,1,1,0,0,0,0,0
HC 96954 AgR,2011-05-12,Não,,5,1,AgR," O TRIBUNAL, POR MAIORIA E NOS TERMOS DO VOTO DO RELATOR, NEGOU PROVIMENTO AO RECURSO DE AGRAVO, VENCIDO O SENHOR MINISTRO MARCO AURÉLIO. IMPEDIDO O SENHOR MINISTRO JOAQUIM BARBOSA. AUSENTES, EM PARTICIPAÇÃO NO “2011 US-BRAZIL JUDICIAL DIALOGUE”, EM WASHINGTON, NOS ESTADOS UNIDOS DA AMÉRICA, OS SENHORES MINISTROS CEZAR PELUSO (PRESIDENTE), ELLEN GRACIE, GILMAR MENDES E RICARDO LEWANDOWSKI. PRESIDIU O JULGAMENTO O SENHOR MINISTRO AYRES BRITTO (VICE-PRESIDENTE). PLENÁRIO, 12.05.2011.",0,0,0,1,0,0,0,1,1,0,0,-1,1,0,0,1,0,0,0,0,0
HC 104843 AgR,2011-05-12,Não,,5,1,AgR,"O TRIBUNAL, POR MAIORIA E NOS TERMOS DO VOTO DO RELATOR, NEGOU PROVIMENTO AO RECURSO DE AGRAVO, VENCIDO O SENHOR MINISTRO MARCO AURÉLIO. IMPEDIDO O SENHOR MINISTRO DIAS TOFFOLI. AUSENTES, EM PARTICIPAÇÃO NO “2011 US-BRAZIL JUDICIAL DIALOGUE”, EM WASHINGTON, NOS ESTADOS UNIDOS DA AMÉRICA, OS SENHORES MINISTROS CEZAR PELUSO (PRESIDENTE), ELLEN GRACIE, GILMAR MENDES E RICARDO LEWANDOWSKI. PRESIDIU O JULGAMENTO O SENHOR MINISTRO AYRES BRITTO (VICE-PRESIDENTE). PLENÁRIO, 12.05.2011.",0,0,0,0,0,0,0,1,1,0,0,-1,1,0,1,1,0,0,0,0,0
HC 100598,2011-05-11,Não,,6,1,Principal,"O TRIBUNAL, POR MAIORIA E NOS TERMOS DO VOTO DO RELATOR, CONHECEU DO PEDIDO COMO AGRAVO REGIMENTAL E A ESTE NEGOU PROVIMENTO, VENCIDO O SENHOR MINISTRO MARCO AURÉLIO. AUSENTES, EM PARTICIPAÇÃO NO “2011 US-BRAZIL JUDICIAL DIALOGUE”, EM WASHINGTON, NOS ESTADOS UNIDOS DA AMÉRICA, OS SENHORES MINISTROS CEZAR PELUSO (PRESIDENTE), ELLEN GRACIE, GILMAR MENDES E RICARDO LEWANDOWSKI. PRESIDIU O JULGAMENTO O SENHOR MINISTRO AYRES BRITTO (VICE-PRESIDENTE). PLENÁRIO, 11.05.2011.",0,0,0,1,0,0,0,1,1,0,0,-1,1,0,1,1,0,0,0,0,0
HC 106212,2011-03-24,Sim,,11,0,Principal,"O TRIBUNAL, POR UNANIMIDADE E NOS TERMOS DO VOTO DO RELATOR, INDEFERIU A ORDEM DE HABEAS CORPUS. VOTOU O PRESIDENTE, MINISTRO CEZAR PELUSO. AUSENTE, NESTE JULGAMENTO, O SENHOR MINISTRO CELSO DE MELLO. FALARAM, PELO PACIENTE, O DR. JOÃO ALBERTO SIMÕES PIRES FRANCO, DEFENSOR PÚBLICO FEDERAL E, PELO MINSTÉRIO PÚBLICO FEDERAL, A VICE-PROCURADORA-GERAL DA REPÚBLICA, DRA. DEBORAH MACEDO DUPRAT DE BRITTO PEREIRA. PLENÁRIO, 24.03.2011.",0,0,0,1,0,0,1,1,1,1,0,1,1,0,1,1,1,1,0,0,0
HC 99742,2011-04-14,Sim,,11,0,Principal,"O TRIBUNAL, POR UNANIMIDADE E NOS TERMOS DO VOTO DO RELATOR, INDEFERIU O PEDIDO DE HABEAS CORPUS. VOTOU O PRESIDENTE. AUSENTES O SENHOR MINISTRO CEZAR PELUSO (PRESIDENTE), EM PARTICIPAÇÃO NO SEMINÁRIO “JORNADAS JURÍDICAS PORTUGAL-BRASIL-ALEMANHA: DIREITO PRIVADO E DIREITO CONSTITUCIONAL”, EM LISBOA, PORTUGAL; O SENHOR MINISTRO GILMAR MENDES, REPRESENTANDO O TRIBUNAL NA INAUGURAÇÃO DO CENTRO DE INVESTIGAÇÃO DE DIREITO CONSTITUCIONAL PETER HÄBERLE, DA UNIVERSIDADE DE GRANADA, EM GRANADA, ESPANHA; JUSTIFICADAMENTE O SENHOR MINISTRO DIAS TOFFOLI E, NESTE JULGAMENTO, O SENHOR MINISTRO CELSO DE MELLO. PRESIDIU O JULGAMENTO O SENHOR MINISTRO AYRES BRITTO (VICE-PRESIDENTE). PLENÁRIO, 14.04.2011.",0,0,0,1,0,0,1,1,1,1,0,1,1,0,1,1,1,1,0,0,0
HC 103193 AgR,2011-03-02,Não,,10,1,AgR,"O TRIBUNAL, POR MAIORIA E NOS TERMOS DO VOTO DO RELATOR, NEGOU PROVIMENTO AO RECURSO DE AGRAVO, CONTRA O VOTO DO SENHOR MINISTRO MARCO AURÉLIO. AUSENTES, JUSTIFICADAMENTE, O SENHOR MINISTRO CELSO DE MELLO E, NESTE JULGAMENTO, A SENHORA MINISTRA ELLEN GRACIE E O SENHOR MINISTRO JOAQUIM BARBOSA. PRESIDIU O JULGAMENTO O SENHOR MINISTRO CEZAR PELUSO. PLENÁRIO, 02.03.2011.",0,0,0,1,0,0,1,1,1,1,0,-1,1,0,1,1,1,1,0,0,0
HC 100181,2019-08-15,Não,| Dissidência por Extensão:  |  EXTENSÃO || Múltiplas decisões: MAIORIA | LUIZ FUX ausente | CELSO DE MELLO ausente,6,3,Principal," O TRIBUNAL, POR MAIORIA, NÃO CONHECEU DA IMPETRAÇÃO, VENCIDOS OS MINISTROS MARCO AURÉLIO (RELATOR) E RICARDO LEWANDOWSKI. POR MAIORIA, CONCEDEU A ORDEM DE HABEAS CORPUS, DE OFÍCIO, PARA DECOTAR DA PENA IMPOSTA AO PACIENTE A CAUSA DE AUMENTO PREVISTA NO ART. 9º DA LEI 8.072/1990, NOS TERMOS DO VOTO DO MINISTRO ALEXANDRE DE MORAES, REDATOR PARA O ACÓRDÃO, VENCIDOS O MINISTRO EDSON FACHIN, QUE NÃO CONCEDIA A ORDEM DE OFÍCIO, E OS MINISTROS MARCO AURÉLIO (RELATOR) E RICARDO LEWANDOSWKI, QUE CONCEDIAM A ORDEM, DE OFÍCIO, EM MAIOR EXTENSÃO. FALARAM: PELO PACIENTE, O DR. GUSTAVO ZORTÉA DA SILVA, DEFENSOR PÚBLICO FEDERAL; E, PELA PROCURADORIA-GERAL DA REPÚBLICA, A DRA. RAQUEL ELIAS FERREIRA DODGE, PROCURADORA-GERAL DA REPÚBLICA. NÃO PARTICIPOU, JUSTIFICADAMENTE, DESTE JULGAMENTO, A MINISTRA CÁRMEN LÚCIA. AUSENTES, JUSTIFICADAMENTE, OS MINISTROS CELSO DE MELLO E LUIZ FUX. PRESIDÊNCIA DO MINISTRO DIAS TOFFOLI. PLENÁRIO, 15.08.2019.",0,0,1,1,1,-1,1,1,0,-1,1,-1,0,0,0,0,0,0,0,0,0
HC 152752,2018-04-04,Não,"| Dissidência por Extensão:  |  EXTENSÃO | | GILMAR MENDES ausente | ATENÇÃO, Empate identificado",6,5,Principal," O TRIBUNAL, POR MAIORIA E NOS TERMOS DO VOTO DO RELATOR, DENEGOU A ORDEM, VENCIDOS, EM MENOR EXTENSÃO, OS MINISTROS GILMAR MENDES E DIAS TOFFOLI, E, EM MAIOR EXTENSÃO, OS MINISTROS RICARDO LEWANDOWSKI, MARCO AURÉLIO E CELSO DE MELLO. EM SEGUIDA, O TRIBUNAL, POR UNANIMIDADE, REJEITOU QUESTÃO DE ORDEM, SUSCITADA DA TRIBUNA PELO ADVOGADO DO PACIENTE, NO SENTIDO DE QUE, HAVENDO EMPATE NA VOTAÇÃO, A PRESIDENTE DO TRIBUNAL NÃO PODERIA VOTAR. AO FINAL, O TRIBUNAL INDEFERIU NOVO PEDIDO DE MEDIDA LIMINAR SUSCITADO DA TRIBUNA, VENCIDOS OS MINISTROS RICARDO LEWANDOWSKI E MARCO AURÉLIO, E CASSOU O SALVO-CONDUTO ANTERIORMENTE CONCEDIDO. AUSENTE, JUSTIFICADAMENTE, O MINISTRO GILMAR MENDES NA VOTAÇÃO DA QUESTÃO DE ORDEM E DO PEDIDO DE MEDIDA LIMINAR. PRESIDIU O JULGAMENTO A MINISTRA CÁRMEN LÚCIA. PLENÁRIO, 4.4.2018.",0,0,1,1,1,1,1,1,1,-1,1,-1,-1,0,0,0,0,0,0,0,0
HC 104339,2012-05-10,Não,| Múltiplas decisões: MAIORIA | CÁRMEN LÚCIA ausente,7,3,Principal," O TRIBUNAL, POR MAIORIA E NOS TERMOS DO VOTO DO RELATOR, DECLAROU, INCIDENTER TANTUM, A INCONSTITUCIONALIDADE DA EXPRESSÃO “E LIBERDADE PROVISÓRIA”, CONSTANTE DO CAPUT DO ARTIGO 44 DA LEI Nº 11.343/2006, VENCIDOS OS SENHORES MINISTROS LUIZ FUX, JOAQUIM BARBOSA E MARCO AURÉLIO. EM SEGUIDA, O TRIBUNAL, POR MAIORIA, CONCEDEU PARCIALMENTE A ORDEM PARA QUE SEJAM APRECIADOS OS REQUISITOS PREVISTOS NO ARTIGO 312 DO CÓDIGO DE PROCESSO PENAL PARA, SE FOR O CASO, MANTER A SEGREGAÇÃO CAUTELAR DO PACIENTE, VENCIDOS OS SENHORES MINISTROS LUIZ FUX, QUE DENEGAVA A ORDEM; JOAQUIM BARBOSA, QUE CONCEDIA A ORDEM POR ENTENDER DEFICIENTE A MOTIVAÇÃO DA MANUTENÇÃO DA PRISÃO DO PACIENTE, E MARCO AURÉLIO, QUE CONCEDIA A ORDEM POR EXCESSO DE PRAZO. O TRIBUNAL DELIBEROU AUTORIZAR OS SENHORES MINISTROS A DECIDIREM MONOCRATICAMENTE OS HABEAS CORPUS QUANDO O ÚNICO FUNDAMENTO DA IMPETRAÇÃO FOR O ARTIGO 44 DA MENCIONADA LEI, VENCIDO O SENHOR MINISTRO MARCO AURÉLIO. VOTOU O PRESIDENTE, MINISTRO AYRES BRITTO. FALOU PELO MINISTÉRIO PÚBLICO FEDERAL O DR. ROBERTO MONTEIRO GURGEL SANTOS, PROCURADOR-GERAL DA REPÚBLICA. AUSENTE, JUSTIFICADAMENTE, A SENHORA MINISTRA CÁRMEN LÚCIA. PLENÁRIO, 10.05.2012.",0,0,0,1,0,0,1,0,-1,1,1,-1,1,0,-1,1,1,0,0,0,0
HC 113204 AgR,2012-10-31,Não,O Extrato de Ata não apresentou a informação de que MIN Marco Aurélio foi vencido. Contagem realizada manualmente após leitura do inteiro teor.,8,1,AgR,"O TRIBUNAL, POR MAIORIA E NOS TERMOS DO VOTO DO RELATOR, NEGOU PROVIMENTO AO RECURSO DE AGRAVO. AUSENTES, LICENCIADO, O MINISTRO JOAQUIM BARBOSA E, NESTE JULGAMENTO, OS MINISTROS CELSO DE MELLO E CÁRMEN LÚCIA. PRESIDIU O JULGAMENTO O MINISTRO AYRES BRITTO. PLENÁRIO, 31.10.2012.",0,0,0,1,0,0,1,0,1,1,1,-1,1,0,0,1,0,0,0,0,0
